id,stock_code,jobp_rating,jobp_paywellfare,jobp_worklifebal,jobp_culture,jobp_opportunity,jobp_manager,jobp_recommend,jobp_ceo,jobp_potential,jobp_cnt,blind_rating,blind_cnt,blind_opportunity,blind_worklifebal,blind_paywellfare,blind_culture,blind_manager,corp
1,095570,2.6,2.6,2.9,2.7,2.6,2.3,0.31,0.42,0.15,464,2.8,306,2.4,3.3,2.6,2.8,2.2,AJ네트웍스
2,006840,2.9,2.8,3,2.5,2.9,2.4,0.46,0.65,0.34,135,0,0,0,0,0,0,0,AK홀딩스
3,027410,3,3,2.8,2.8,2.8,2.5,0.39,0.46,0.3,1402,2.8,1201,2.4,3,2.6,2.8,2.1,BGF
4,282330,3,3,2.8,2.8,2.8,2.5,0.39,0.46,0.3,1402,2.8,1201,2.4,3,2.6,2.8,2.1,BGF리테일
5,001460,2.2,1.8,3.3,2.3,1.9,1.8,0.2,0.18,0.07,216,2.4,56,2.3,3.4,1.9,2.1,1.7,BYC
6,001040,3.2,3.4,2.9,3.1,2.9,2.9,0.52,0.64,0.3,2870,2.9,166,2.9,3,2.7,2.7,2.3,CJ
7,079160,3.5,3.6,3.1,3.3,3.1,3,0.68,0.65,0.29,2248,2.7,305,2.4,2.8,2.5,2.6,2.1,"CJ CGV"
8,000120,2.8,2.9,2.3,2.6,2.9,2.4,0.3,0.44,0.34,1401,2.8,1131,3.1,2.5,2.7,2.5,2.2,CJ대한통운
9,097950,2.9,3,2.6,2.9,3,2.5,0.36,0.45,0.34,2613,2.9,1692,2.9,2.8,2.7,2.8,2.3,CJ제일제당
10,012030,3.1,3,3.3,3.1,2.8,2.5,0.46,0.43,0.09,686,2.8,212,2.5,3.5,2.6,2.6,2.1,DB
11,000210,2.2,2.2,1.9,2,2.6,1.8,0.17,0.26,0.26,356,3.1,8,2.6,3.8,2.5,2.8,2.5,DL
12,375500,3.6,3.6,3.4,3.4,3.3,2.6,0.53,0.34,0.22,99,3.2,842,3.5,3.1,3.3,3,2,DL이앤씨
13,004840,2.8,2.8,3.3,2.7,2.7,2.3,0.46,0.41,0.23,81,3.3,73,2.9,4.1,3,3.1,2.5,DRB동일
14,155660,2.6,3,2.1,2.3,2.4,2.2,0.25,0.29,0.1,63,3,25,3.1,2.8,3.6,2.5,2.4,DSR
15,017940,2.6,2.2,2.8,3,3,2.3,0.19,0.42,0.06,53,3.8,90,3,4.4,4.2,3,2.8,E1
16,383220,2.8,3.1,2.5,2.7,2.9,2.4,0.4,0.6,0.42,334,3.1,349,3.2,2.9,3.4,2.9,2.5,F&F
17,114090,2,1.6,3.1,2.2,1.9,1.6,0.18,0.27,0.04,45,2.4,209,1.7,3.1,2.5,1.7,1.6,GKL
18,078930,3.7,3,3.5,3.4,2.7,3.3,0.64,0.73,0.24,3554,3.5,10,3.4,4,3.6,3,3,GS
19,006360,3.2,3.2,3.1,3.2,2.7,2.4,0.45,0.32,0.15,725,2.8,1016,2.8,3.1,2.7,2.8,1.9,GS건설
20,001250,2.6,3,2.6,2,2.7,2.2,0.28,0.39,0.08,119,2.9,114,3.1,2.9,3,2.4,2.1,GS글로벌
21,007070,3.7,3,3.5,3.4,2.7,3.3,0.64,0.73,0.24,3554,2.5,1165,2.3,2.9,2.5,2.7,1.9,GS리테일
22,012630,2.8,3.1,3.3,2.6,2.6,2.3,0.3,0.35,0.09,147,0,0,0,0,0,0,0,HDC
23,039570,2.4,2.7,2.8,2.2,2.3,2,0.19,0.34,0.1,59,2.3,89,2.1,3,2,2,1.7,HDC랩스
24,089470,2.4,2.1,3.2,2.4,2.4,2.1,0.23,0.39,0.1,127,2.5,102,2.6,3.3,2.3,2.2,2,HDC현대EP
25,294870,3.1,2.9,3.2,3,2.4,2.2,0.37,0.33,0.14,97,3.1,345,3.2,3.5,2.7,3,2.1,HDC현대산업개발
26,009540,2.9,2.7,3.7,2.8,2.9,2.3,0.35,0.45,0.26,65,3.1,242,2.8,3.7,2.9,2.8,2.3,HD한국조선해양
27,267250,3.1,3,3.8,3,2.3,2.2,0.54,0.29,0.07,184,0,0,0,0,0,0,0,HD현대
28,322000,2.5,2.3,2.8,2.2,2.3,1.9,0.16,0.16,0.11,90,2.2,59,2.3,2.6,2.2,2.2,1.8,HD현대에너지솔루션
29,042670,3.3,3.7,3.7,3.6,3.1,2.5,0.52,0.5,0.16,774,3.6,489,3.2,4,3.4,3.6,2.7,HD현대인프라코어
30,267260,2.7,2.8,3.5,2.5,2.6,2.3,0.22,0.45,0.08,186,2.9,220,2.6,3.9,2.7,2.5,2.3,HD현대일렉트릭
31,204320,3.2,3.7,3,2.9,2.7,2.4,0.48,0.36,0.25,271,2.9,812,3.3,2.8,3,2.6,2,HL만도
32,011200,3.9,3.6,3.6,3.8,3.5,3.6,0.63,0.75,0.5,8,3.3,292,3.1,4,2.6,3,2.1,HMM
33,082740,3.3,3.4,3.4,3.1,3.1,2.5,0.46,0.56,0.25,95,3.4,80,3.2,3.6,3.2,3.2,2.7,HSD엔진
34,234080,3.1,3.3,3,2.9,2.9,2.6,0.54,0.62,0.25,121,3.2,45,3.1,3.6,3.1,3.2,2.4,JW생명과학
35,001060,2.7,2.9,2.7,2.3,2.8,2.2,0.36,0.37,0.14,675,2.5,387,2.6,3.1,2.2,2.2,1.8,JW중외제약
36,096760,2.9,2.7,3.1,2.5,2.9,2.3,0.38,0.47,0.2,95,3.1,44,3.1,3.6,2.5,2.8,2.3,JW홀딩스
37,009440,3.5,3.3,4.4,4,3.1,3.8,0.25,1,0.5,8,3.7,28,3.3,4.2,3,3.6,3.6,KC그린홀딩스
38,119650,3.4,3.1,3.7,3.3,3,3,0.44,0.41,0.18,50,3.6,42,3.3,4.2,3,3.3,2.9,KC코트렐
39,092220,2.5,2.5,2.4,2.2,2.6,2,0.26,0.27,0.14,227,2.3,113,2.8,2.2,2.1,1.8,1.7,KEC
40,003620,2.9,3.1,3.7,2.8,2.9,1.9,0.33,0.21,0.09,322,2.7,255,3,4,2.7,2.4,1.5,KG모빌리티
41,016380,5,5,5,5,5,5,1,1,1,1,2.4,107,2.6,2.7,2.3,2.2,1.8,KG스틸
42,001390,2.2,1.8,2.5,2.2,2,1.9,0.11,0.25,0.15,154,2.3,35,2.8,2.9,1.8,2.3,2,KG케미칼
43,033180,2.2,1.8,2.7,2.1,2.2,1.8,0.17,0.22,0.08,103,2.4,18,2.3,3.2,1.9,1.9,1.9,"KH 필룩스"
44,025000,2.6,2.7,2.7,2.5,2.8,1.8,0.23,0.18,0.12,135,2.3,61,2.7,2.8,2.4,2.1,1.6,KPX케미칼
45,000040,2,1.7,2.4,2.2,2.2,1.7,0.04,0.21,0.02,47,2.5,2,2.5,3,2.5,3,2.5,KR모터스
46,044450,4.4,4.3,3.9,4.1,4.2,3.9,0.85,0.88,0.81,54,3.3,9,3.7,3.3,2.9,3,2.9,KSS해운
47,058850,2.7,2.5,3.2,2.7,2.4,2.4,0.23,0.37,0.06,1157,2.6,281,2.1,3.3,2.2,2.3,2,KTcs
48,093050,3.4,2.6,4.1,3.7,3.2,2.8,0.57,0.53,0.21,1779,3,664,2.8,3.5,3.1,2.5,2,LF
49,003550,3.1,3,3.1,3.2,3,2.5,0.48,0.5,0.21,6340,1.7,33,1.8,1.7,1.6,1.7,1.5,LG
50,034220,3.1,3.5,2.7,2.9,3.1,2.6,0.42,0.5,0.21,3567,3,3691,2.9,3,2.9,2.8,2.3,LG디스플레이
51,051900,3.2,3,3.6,3.2,2.9,2.6,0.53,0.54,0.31,1088,2.2,1152,2.1,2.9,1.8,2.2,1.6,LG생활건강
52,373220,3.6,3.1,3.5,3.6,3.8,3.1,0.66,0.76,0.67,233,3.8,1741,3.9,3.8,3.1,3.8,3.1,LG에너지솔루션
53,032640,3.2,3.2,3.3,3.2,2.9,2.7,0.51,0.54,0.26,2037,3.4,1516,2.8,4,2.9,3.5,2.5,LG유플러스
54,011070,3.4,3.6,3,3.3,2.9,3,0.53,0.62,0.41,2773,3.2,1780,3,2.9,3.1,3.1,2.9,LG이노텍
55,066570,3.1,3,3.1,3.2,3,2.5,0.48,0.5,0.21,6340,2.3,6671,2.2,2.9,2,2.3,1.8,LG전자
56,037560,2.7,2.9,2.8,2.8,2.8,2.3,0.24,0.37,0.11,480,2.6,245,2.3,3.4,2.4,2.7,2,LG헬로비전
57,051910,3.5,3.3,3.5,3.4,3.4,2.9,0.64,0.61,0.45,2102,3.1,3045,3.2,3.4,2.6,3,2.3,LG화학
58,006260,3,3,2.8,2.8,2.5,2.7,0.43,0.64,0.25,1183,3.7,15,3.4,4.1,3.1,3.1,3,LS
59,000680,3,2.8,3.7,3.2,2.9,2.4,0.45,0.35,0.11,179,3,43,2.3,4.1,2.3,2.6,2.3,LS네트웍스
60,229640,0,0,0,0,0,0,0,0,0,0,0,0,0,0,0,0,0,LS전선아시아
61,108320,2.7,2.8,2.3,2.7,2.9,2.2,0.36,0.49,0.4,268,3.3,720,3.6,3.2,3.1,3.2,2.4,LX세미콘
62,001120,3.1,3.4,3.1,2.9,3.1,2.5,0.44,0.45,0.16,306,3.5,238,3.5,3.8,3.6,3.6,2.6,LX인터내셔널
63,108670,3.2,3.4,3.6,3.2,3,2.4,0.47,0.38,0.14,653,2.9,838,2.5,3.7,3,2.8,1.9,LX하우시스
64,035420,4,4.1,3.5,3.8,3.5,3.2,0.84,0.68,0.57,1578,3.7,3044,3.9,3.4,3.7,3.6,2.9,NAVER
65,034310,3.3,3.5,3.6,3.2,2.4,2.6,0.56,0.45,0.29,518,0,0,0,0,0,0,0,NICE
66,010060,3.4,3.1,3.6,3.1,3,2.7,0.59,0.5,0.14,59,3,360,3.1,3.7,2.6,2.8,2.2,OCI홀딩스
67,005490,3.3,3.6,3.1,2.9,3.2,2.5,0.56,0.43,0.19,1573,2.2,2737,2.2,2.3,2.4,1.8,1.5,POSCO홀딩스
68,010950,1.9,1.6,2.6,2.4,1.7,2,0.14,0.21,0.14,14,3.4,377,2.8,3.7,3.8,2.8,2.2,S-Oil
69,034120,3.2,3,2.8,3,2.5,2.6,0.57,0.45,0.19,528,3.6,174,3.2,3.4,3.9,3.1,2.7,SBS
70,005090,3.5,4.5,3.5,4,3.5,3,0.5,0.5,0.5,2,3.1,79,3.1,2.7,3.3,2.5,2.4,SGC에너지
71,001380,2.6,3,2.6,2,2.7,2.2,0.28,0.39,0.08,119,2.3,49,2.2,3.1,1.7,1.9,1.7,SG글로벌
72,004060,2.4,2,2.6,2.2,2.5,1.9,0.24,0.21,0.04,217,2.3,49,2.2,3.1,1.7,1.9,1.7,SG세계물산
73,002360,2.7,2.2,3.2,2.6,3,2.1,0.31,0.23,0.09,35,2.6,12,2.5,3.3,1.8,2.6,2,SH에너지화학
74,009160,2.5,2.7,2.6,2.6,2.5,2.4,0.29,0.53,0.13,178,2.7,29,2.6,2.6,2.5,2.4,2.4,SIMPAC
75,034730,3.4,3.2,3.1,3.3,3.4,2.9,0.53,0.57,0.2,2819,3.5,569,3.1,3.8,3.3,3.6,2.8,SK
76,011790,3.6,3.4,3.7,3.8,3.2,2.8,0.64,0.58,0.27,545,3.4,185,3.2,3.5,3.5,3.2,2.7,SKC
77,018670,3.3,3.5,3.2,3,3.1,2.8,0.64,0.62,0.38,110,3.5,181,3,3.3,3.3,3.1,2.9,SK가스
78,001740,3.3,3.3,3.5,3.4,3,2.7,0.46,0.55,0.19,243,3.4,119,3.1,4.1,3.3,3.8,2.8,SK네트웍스
79,006120,5,5,5,4,5,5,1,1,1,1,3.6,36,3.7,3.4,3.6,3.5,3.1,SK디스커버리
80,210980,3,3.2,2.9,2.5,2.7,2.6,0.43,0.55,0.31,78,3.1,136,3.3,3.3,3.1,2.8,2.5,SK디앤디
81,068400,2.7,2.5,3.1,2.7,2.3,2.3,0.29,0.41,0.26,101,2.9,129,2.7,3.4,2.4,2.8,2.3,SK렌터카
82,302440,3.3,3.6,3,3.3,3.1,2.7,0.57,0.61,0.43,276,3.4,310,3.6,2.9,3.3,3.4,2.7,SK바이오사이언스
83,361610,4.2,4.5,3.9,3.9,3.7,3.3,0.81,0.75,0.5,16,4.1,32,3.6,3.9,4.1,4.3,3.7,SK아이이테크놀로지
84,100090,2.2,1.8,2.4,2.2,2.5,2.1,0.18,0.4,0.27,99,2.5,57,2.7,2.2,1.8,2.1,2,SK오션플랜트
85,096770,4,4.1,4,3.9,3.5,3.3,0.78,0.73,0.49,379,3.2,1962,3.2,3.2,3.3,3.2,2.8,SK이노베이션
86,285130,3.2,3.1,3,3.3,3.1,2.8,0.5,0.57,0.28,492,3.3,568,3.1,3.5,2.8,3.4,2.6,SK케미칼
87,000660,3.5,4.1,3.1,3.3,3.3,3,0.68,0.65,0.48,2005,2.8,4670,2.6,2.7,3,2.6,2.2,SK하이닉스
88,064960,2.6,2.7,2.9,2.7,2.6,2.1,0.34,0.34,0.23,143,3,64,3.1,3.4,2.6,2.5,2.2,SNT모티브
89,005610,2.5,2.7,2.3,2.3,2.5,2.1,0.24,0.3,0.2,378,2.6,255,2.6,2.6,2.5,2.1,1.8,SPC삼립
90,011810,2.7,2.3,2.9,2.9,3,2,0.16,0.31,0.08,398,2.7,54,2.9,3.6,2.9,2.5,1.9,STX
91,077970,3.3,2.9,3.8,3.4,3.2,2.4,0.54,0.44,0.19,179,3.1,134,2.8,4.1,2.7,3,2.1,STX엔진
92,071970,2.7,2.3,3.3,3.2,2.9,1.9,0.16,0.23,0.08,349,2.5,87,2.9,3.7,1.9,2.6,1.4,STX중공업
93,002820,2,2.1,2.4,2,1.9,1.7,0.19,0.22,0.04,232,2.3,28,2.3,3.4,2.1,2,1.9,SUN&L
94,002710,2.5,2.6,3.9,2.1,2.9,2.3,0.27,0.45,0.18,11,2.3,29,2,3.4,2.3,2.3,1.8,TCC스틸
95,002900,3,3.2,3.3,2.7,2.5,2.4,0.47,0.45,0.08,205,2.4,100,2.4,2.7,2.7,1.9,1.7,TYM
96,000500,3.2,2.9,3.4,2.9,2.7,2.7,0.5,0.55,0.17,101,3.3,82,3,3.8,2.9,3,2.5,가온전선
97,000860,2.9,2.6,3.2,2.6,2.9,2.3,0.36,0.31,0.09,233,2.6,120,2.3,3.2,2.5,2,1.7,강남제비스코
98,035250,3.6,4,3.4,2.7,2.9,2.7,0.67,0.45,0.21,276,3.6,243,2.8,3.9,3.8,2.6,2.3,강원랜드
99,002100,2.8,2.8,2.7,2.4,2.7,2.5,0.36,0.49,0.12,176,2.9,99,3,2.7,2.6,2.3,2.2,경농
100,009450,2.5,2.8,2.1,2.3,2.5,2.2,0.29,0.45,0.34,584,2.9,595,2.9,2.6,3,2.5,2.4,경동나비엔
101,267290,4.4,4.2,4.4,4.1,3.6,3.7,1,0.67,0.4,20,4.5,28,3.5,4.9,4.5,4,3.8,경동도시가스
102,012320,4.5,4.5,4.5,4,4.5,4,1,1,0.5,2,4,2,3.5,4.5,4,3.5,3.5,경동인베스트
103,000050,2.2,1.9,2.5,2.4,2.3,1.9,0.23,0.33,0.22,81,2.4,38,2.6,3.1,1.9,2.2,1.9,경방
104,012610,2.7,2.6,2.8,2.6,2.7,2.5,0.31,0.49,0.19,224,2.6,130,2.4,3.1,2.3,2.3,2.2,경인양행
105,013580,2.7,2.7,2.2,2.4,2.8,2.5,0.33,0.45,0.2,257,2.8,270,3.3,2.4,2.4,2.3,2.1,계룡건설
106,012200,2.6,3.5,2.2,2,2.5,2,0.28,0.26,0.14,279,2.5,133,2.2,2.3,3.5,1.9,1.7,계양전기
107,010130,3.2,3.3,3,2.6,3.1,2.7,0.52,0.57,0.48,230,3.2,307,3.2,3.1,3,2.5,2.7,고려아연
108,002240,2.4,2.2,2.6,2.4,2.5,1.9,0.22,0.25,0.07,181,2.5,41,2.2,2.8,2.3,2,1.8,고려제강
109,009290,3.1,3.6,3.3,2.6,2.8,2.6,0.52,0.65,0.18,410,3.4,217,2.9,3.8,3.6,2.9,2.7,광동제약
110,017040,2.5,2.1,2.8,2.4,3,2,0.35,0.26,0.09,57,2.1,7,2.7,2.4,2,1.7,1.7,광명전기
111,017900,2.4,1.9,2.9,2.4,2,1.8,0.14,0.2,0.04,242,2.3,45,2.5,3.8,1.6,2.4,1.6,광전자
112,339770,2.9,3.4,3.1,2.5,2.5,2.1,0.4,0.38,0.25,182,3.1,138,2.7,3.6,3.3,2.4,1.9,교촌에프앤비
113,007690,2.4,2.7,2.5,2.1,2.5,1.9,0.21,0.23,0.17,434,2.6,309,2.5,2.9,2.9,2.2,1.8,국도화학
114,005320,4.1,4.2,4.2,3.6,3.7,3.3,0.85,0.62,0.23,319,2.2,35,2.2,2.9,2.4,2,1.7,국동
115,001140,2.2,2.6,1.4,1.7,2.6,1.9,0.16,0.29,0.26,433,0,0,0,0,0,0,0,국보
116,002720,2.8,3.1,3.2,2.3,2.6,2.2,0.35,0.37,0.13,136,3.1,76,2.7,3.6,3.1,2.6,2.2,국제약품
117,014530,3.5,3.6,3.9,3,3,3,0.77,0.77,0.18,22,3.8,16,3,4.1,3.9,2.8,3.1,극동유화
118,014280,2.7,2.7,2.6,2.5,2.8,2.3,0.26,0.33,0.1,124,2.8,69,2.5,3.4,2.4,2.5,2.1,금강공업
119,001570,2.6,2.6,2.2,2.2,2.6,2.3,0.27,0.41,0.16,104,3.4,11,3.8,3.4,4,2.5,2.5,금양
120,002990,2.9,2.6,2.6,2.9,2.7,2.3,0.38,0.35,0.18,222,3.2,225,3.3,3,2.7,3.1,2.3,금호건설
121,011780,3.5,3.4,3.9,3.1,3.2,3,0.66,0.66,0.24,202,3.7,279,3.4,3.9,3.8,3.1,2.8,금호석유
122,214330,2.4,2.1,2.1,2.3,2.4,1.9,0.16,0.18,0.1,205,2.7,47,2.6,2.7,2.1,2.6,2,금호에이치티
123,001210,2.4,1.9,3.1,2.5,2,1.9,0.18,0.3,0.05,130,2.8,16,2.4,3.3,2.1,2.5,2.3,금호전기
124,073240,2.8,2.5,3.2,2.7,2.8,2,0.3,0.27,0.12,674,2.6,480,2.5,3.4,2,2.4,1.7,금호타이어
125,004540,2.2,2.4,2.5,2.4,2.1,1.8,0.17,0.24,0.08,294,2.6,141,2.4,3,2.6,2.4,2.1,깨끗한나라
126,001260,2.6,2.3,2.8,2.6,2.4,2.1,0.2,0.19,0.15,55,2,61,2.4,2,1.5,1.7,1.5,남광토건
127,008350,2.7,2.7,3.3,2.9,2.9,2.2,0.25,0.33,0.07,61,3,52,2.5,3.8,2.6,2.6,2.1,남선알미늄
128,004270,2.3,2.2,2.2,2.2,2,1.8,0.15,0.16,0.11,112,0,0,0,0,0,0,0,남성
129,003920,2.5,3,2.3,2.3,2.5,1.8,0.23,0.2,0.11,605,2.5,172,2.7,2.7,2.7,2.2,1.4,남양유업
130,025860,3.9,3.8,4,3.4,3.6,3,0.67,0.55,0.17,54,3.5,105,2.9,3.7,3.5,3.1,2.3,남해화학
131,005720,2.7,2.9,2.8,2.3,2.6,2.2,0.33,0.38,0.25,462,2.6,65,2.6,2.8,2.8,2.4,2,넥센
132,002350,2.7,2.9,2.8,2.3,2.6,2.2,0.33,0.38,0.25,462,2.7,359,2.4,3.3,2.5,2.3,1.9,넥센타이어
133,251270,3.2,3.1,2.8,3.3,2.9,2.7,0.59,0.52,0.38,1505,3.3,514,3.4,3.4,3.1,2.9,2.5,넷마블
134,090350,2.9,3.3,2.6,2.3,2.6,2.1,0.37,0.3,0.06,281,2.6,221,2.4,2.4,3.2,2,1.6,노루페인트
135,000320,1.9,2.6,2.4,1.7,1.9,1.5,0.13,0.14,0.07,15,0,0,0,0,0,0,0,노루홀딩스
136,006280,3.1,2.6,3.4,2.9,2.9,2.6,0.52,0.51,0.26,836,3,909,2.9,3.6,2.4,2.7,2.3,녹십자
137,005250,3.3,2.8,3.7,2.7,3.1,3.3,0.55,0.75,0.34,74,3.3,27,3,3.6,3.1,3.1,2.9,녹십자홀딩스
138,004370,2.9,2.8,2.9,2.5,2.6,2.4,0.41,0.4,0.14,579,3.2,401,2.9,3.5,2.6,2.6,2.3,농심
139,058730,3.3,3.3,3.5,3.4,2.8,2.7,0.58,0.51,0.22,348,2.2,30,2,2.6,2.1,1.9,1.7,다스코
140,023590,3.4,3.3,3.4,3.2,3.2,2.8,0.63,0.53,0.3,536,3.5,335,3.2,3.6,3.5,3.1,2.5,다우기술
141,145210,1.9,2.4,1.6,1.8,2.1,1.6,0.07,0.13,0.04,147,2.5,14,2.3,2.8,2.4,2,1.7,다이나믹디자인
142,019680,2.5,2.4,2.4,2.4,2.3,2.1,0.22,0.34,0.06,865,2.6,337,2.3,3.2,2.3,2.5,2.1,대교
143,006370,2.5,2.2,2.3,2.3,2.4,1.8,0.17,0.21,0.02,190,2.2,16,2.1,2,1.9,2.1,1.6,대구백화점
144,353200,2.9,3.3,2.6,2.5,2.2,2.4,0.39,0.48,0.24,588,3.2,383,3.1,3.1,3.1,2.8,2.5,대덕전자
145,000490,2,2.2,2,2,2.4,1.6,0.13,0.16,0.11,638,0,0,0,0,0,0,0,대동
146,006570,2.4,2.2,3.2,2.2,2.1,1.8,0.19,0.19,0.06,70,3.8,15,2.7,4.3,3.1,2.8,2.3,대림통상
147,001680,3.3,3.1,3.4,3.2,3.2,2.7,0.58,0.53,0.21,702,3.5,734,3.3,3.6,3.1,3.1,2.8,대상
148,128820,2.5,2.3,2.9,2.6,2.2,1.9,0.22,0.2,0.04,371,2.5,150,2.3,3,2.2,2.2,1.8,대성산업
149,117580,3.2,3,4,2.5,2.6,2.4,0.52,0.35,0.07,27,3.4,48,2.4,4.4,3.2,2.5,2.3,대성에너지
150,009190,2.2,2.1,2.2,2.1,2,1.8,0.21,0.27,0.06,33,2.8,4,2.8,3,2.8,2,2.8,대양금속
151,047040,3.5,3.4,3.3,3.6,3,2.6,0.6,0.43,0.21,757,3.3,863,3.5,3.5,2.9,3.5,2.2,대우건설
152,003090,2.6,2.9,2.4,2.6,2.7,2.1,0.3,0.31,0.23,1334,2,2,2.5,3,2.5,1.5,1,대웅
153,069620,2.6,2.9,2.4,2.6,2.7,2.1,0.3,0.31,0.23,1334,2.6,1100,3.1,2.4,2.5,2.4,1.9,대웅제약
154,000430,3,3.8,2.5,2.3,3,2.4,0.43,0.43,0.25,189,2.7,80,2.5,2.7,3.6,2.1,1.9,대원강업
155,006340,2.5,2.3,2.9,2.2,2.4,2.1,0.25,0.29,0.11,55,3.3,7,2.1,4.7,2.9,2.6,2,대원전선
156,003220,3,3.8,2.9,2.5,3,3,0.44,0.67,0.37,462,2.8,362,2.5,2.9,3.4,2.3,2.6,대원제약
157,024890,2.6,1.7,3.4,2.8,2.2,2.1,0.16,0.31,0.06,31,2.8,6,2.5,3.8,1.7,2.7,2.2,대원화성
158,002880,2.6,3.2,2.7,2.1,2.2,1.9,0.4,0.34,0.19,68,2.8,61,2.7,2.5,3.2,2.1,1.9,대유에이텍
159,000300,2,2.1,2.6,2.3,2.2,2.2,0.22,0.35,0.09,23,0,0,0,0,0,0,0,대유플러스
160,012800,2.7,2.8,3.1,2.5,2.4,2.4,0.37,0.51,0.14,71,3.1,16,2.6,3.6,2.8,2.3,2.3,대창
161,015230,2.5,2.5,2.5,2.6,2.1,2,0.32,0.35,0.18,28,1.9,34,2,2,2,1.9,1.2,대창단조
162,001070,2.3,1.8,2.8,2.1,2.2,2,0.12,0.2,0.01,101,3,9,2.4,4.2,2.2,2.3,2.6,대한방직
163,006650,3.6,3.8,3.7,2.9,3.3,2.9,0.63,0.58,0.33,128,3.2,217,2.9,3.4,3.3,2.6,2.4,대한유화
164,001440,3,2.4,3.3,2.8,2.9,2.4,0.37,0.56,0.15,271,3,197,2.9,3.3,2.4,2.7,2.6,대한전선
165,084010,3.3,3.3,3.3,3,3,2.9,0.54,0.66,0.25,138,3.6,37,2.9,3.6,3.8,2.9,2.9,대한제강
166,001790,3,3.1,3.5,2.5,2.6,2.2,0.46,0.28,0.07,143,3.2,54,2.4,4.2,3.4,2.4,2,대한제당
167,001130,2.9,3,3.1,2.4,2.7,2.2,0.36,0.27,0.07,44,2.6,85,2.3,2.9,2.8,2.2,2,대한제분
168,003490,3.1,3.4,3.1,2.5,2.9,2.1,0.52,0.33,0.27,1086,3.2,1118,2.8,3.4,2.9,2.4,1.9,대한항공
169,005880,3.2,3.3,2.5,2.6,3.2,2.4,0.56,0.38,0.28,61,3,47,3,2.8,3.3,2.4,2.9,대한해운
170,192080,3.4,3.8,3.3,3.1,2.7,2.9,0.55,0.64,0.34,95,3.2,161,2.3,3.7,3.6,3,2.4,더블유게임즈
171,012510,2.4,2.2,2.4,2.2,2.6,1.7,0.22,0.21,0.26,1361,2.4,901,2.6,2.5,2.3,2.1,1.7,더존비즈온
172,004830,3,2.7,3.8,3.1,2,2.3,0.43,0.35,0.05,165,2.5,2,3,3,1.5,1.5,1.5,덕성
173,024900,3.3,3.6,3.3,2.8,2.9,2.4,0.51,0.4,0.13,114,3.1,48,2.8,3.3,3.8,2.7,2.1,덕양산업
174,002150,3,3.1,2.3,2.4,3.3,2.4,0.45,0.49,0.28,368,2.9,311,3.1,2.6,2.9,2.3,2.1,도화엔지니어링
175,001230,3.3,3.5,3.3,2.9,3,2.9,0.6,0.7,0.22,325,0,0,0,0,0,0,0,동국홀딩스
176,004140,2.2,1.9,2.7,2.1,2,1.7,0.15,0.13,0.09,199,3.2,62,2.9,3.9,3,2.9,2.4,동방
177,007590,3,3.3,2.8,2.6,2.8,2.7,0.58,0.52,0.13,24,3.5,2,3.5,3.5,3,3,3,동방아그로
178,005960,3.1,3.1,2.8,3.1,3,2.4,0.4,0.44,0.28,165,3.3,174,3.4,2.8,3.2,3.2,2.4,동부건설
179,026960,4.1,4.2,4.2,3.6,3.7,3.3,0.85,0.62,0.23,319,3.3,59,2.2,4,3.2,2,1.7,동서
180,102260,2.9,2.6,3.4,2.9,3.1,2.2,0.36,0.48,0.09,33,3,29,2.6,3.5,2.6,2.5,2.2,동성케미컬
181,000640,3.4,3.1,3.6,3.1,3,2.7,0.59,0.5,0.14,59,3.7,23,3.5,4.1,3.3,4,3,동아쏘시오홀딩스
182,170900,3.4,3.2,3.8,3.1,3,2.5,0.61,0.38,0.16,405,3.5,506,3,4.3,3,3.3,2.4,동아에스티
183,028100,1.7,2,1.4,1.7,2.4,1.8,0.08,0.32,0.1,119,1.7,32,2.1,1.4,1.6,1.5,1.4,동아지질
184,282690,2.5,2.6,2.2,2.1,2.4,2,0.26,0.28,0.18,77,2.6,5,2.6,3.6,2.8,2.2,1.6,동아타이어
185,001520,2.2,1.8,2.3,2.3,2.4,1.8,0.14,0.24,0.06,296,3.7,52,3,3.6,3.7,3.2,3.2,동양
186,084670,2.2,2.8,2.8,1.9,2.9,2.3,0.31,0.46,0.08,13,2.3,7,2.1,3.1,3.1,2.4,1.9,동양고속
187,008970,2.7,2.7,2.9,2.5,2.6,2.3,0.23,0.42,0.09,57,3.4,5,3,3.8,2.6,2.4,2.2,동양철관
188,092780,3,3.9,2.1,2.2,2.9,2.4,0.37,0.51,0.22,114,3,24,3,2.7,3.8,2.3,2.2,동양피스톤
189,049770,2.4,2.5,2,2.1,2.7,2,0.19,0.25,0.13,1006,2.2,433,2.8,2.1,2.2,1.9,1.6,동원F&B
190,006040,2.2,2.1,1.8,2,2.7,2.1,0.12,0.47,0.1,200,2.3,99,2.9,2,2,1.9,1.8,동원산업
191,014820,2.2,2,1.8,2,2.5,1.9,0.16,0.26,0.26,226,2.1,112,2.5,2,1.9,2,1.7,동원시스템즈
192,163560,2.8,2.8,3.3,2.7,2.7,2.3,0.46,0.41,0.23,81,0,0,0,0,0,0,0,동일고무벨트
193,000020,3.7,3.8,4,3,3.1,2.7,0.67,0.64,0.32,236,3.3,189,2.4,3.7,3.4,2.9,2.4,동화약품
194,000150,3.3,3.2,4,3.5,2.8,2.5,0.48,0.4,0.15,1101,3.3,259,3,3.8,3.1,3.2,2.4,두산
195,034020,3.3,3.2,4,3.5,2.8,2.5,0.48,0.4,0.15,1101,3,776,2.8,4.1,2.5,3.1,2,두산에너빌리티
196,016740,2.6,2,2.6,2.6,2.8,2.3,0.23,0.4,0.13,155,2.9,59,2.8,3.4,2.3,2.7,2.2,두올
197,192650,2.3,2.2,2.7,2.4,2.4,2,0.2,0.32,0.16,149,2.6,80,2.4,3,2.3,2.2,2.1,드림텍
198,003160,3.4,3.8,3.1,3.2,3,2.7,0.58,0.57,0.49,1611,3,66,2.5,3.7,2.7,2.5,2.1,디아이
199,001530,2.3,2,3,2,2.3,2.2,0.19,0.27,0.04,47,2.3,10,2,2.9,2,1.6,1.5,DI동일
200,092200,2.1,2,2.1,1.9,2.2,1.7,0.11,0.15,0.09,142,1.7,54,2,2,1.4,1.6,1.2,디아이씨
201,210540,2.5,3,2.3,2.6,2.2,2.1,0.33,0.36,0.19,83,3.1,17,2.6,3.2,3,2.8,2.6,디와이파워
202,115390,2.7,2.5,3.1,2.5,2.6,1.9,0.32,0.3,0.07,461,2.5,242,2.5,3.3,2.1,2.2,1.6,락앤락
203,032350,1.9,1.6,1.7,1.7,2,1.5,0.08,0.17,0.05,312,1.8,63,2.1,1.6,1.4,1.6,1.5,롯데관광개발
204,089860,3.1,2.8,3.5,3.3,2.7,2.6,0.43,0.39,0.24,400,3.2,380,2.7,3.7,2.6,3.1,2.2,롯데렌탈
205,023530,2.9,3,2.8,2.7,2.6,2.4,0.35,0.45,0.16,1454,2.7,1393,2.5,2.9,2.5,2.3,2,롯데쇼핑
206,020150,2.5,2,2.2,2.1,2.8,2,0.27,0.3,0.35,143,2.8,58,3.2,2.7,2.6,2.3,2.1,롯데에너지머티리얼즈
207,280360,2.4,2.3,2.4,2.3,2.5,2,0.19,0.26,0.07,704,3,151,3,3.5,2.5,2.8,2.3,롯데웰푸드
208,004000,3.5,3.4,4.1,3.3,2.8,2.6,0.61,0.47,0.2,100,3.2,175,2.6,4.1,3.1,2.8,2.1,롯데정밀화학
209,286940,2.7,2.5,3.1,2.6,2.7,2.2,0.28,0.34,0.11,1256,2.6,1477,2.2,3.3,2.3,2.5,1.9,롯데정보통신
210,004990,3.2,3.6,3.6,2.8,3.8,2.6,0.4,0.4,0.4,5,4,22,3.8,4,3.7,3.5,3.5,롯데지주
211,005300,2.6,2.6,2.5,2.5,2.6,2.2,0.28,0.39,0.16,637,2.4,457,2.3,3,2.1,2.2,1.9,롯데칠성
212,011170,3,3.1,3.2,2.7,2.9,2.4,0.45,0.42,0.26,568,2.8,1056,2.9,3.1,2.8,2.5,2,롯데케미칼
213,027740,2.4,2.1,2.3,2.4,2.5,2,0.19,0.32,0.08,128,2.2,28,2.6,2.3,2.3,2.3,1.9,마니커
214,090370,2.4,2.7,2.8,2.5,2.2,2.2,0.3,0.4,0.17,30,3.2,10,2.9,4.2,3,3.3,2.3,메타랩스
215,017180,2.2,2.5,2.8,2,1.9,1.6,0.2,0.11,0.05,168,2.3,54,1.9,3.3,3,2,1.6,명문제약
216,009900,2.6,2.6,2.4,2.3,2.9,2.4,0.2,0.52,0.28,25,3,9,2.9,2.8,3.4,2.7,2.4,명신산업
217,005360,2,1.6,2.7,1.9,2,1.8,0.12,0.25,0.04,265,2.1,49,1.9,3.9,1.5,2,1.6,모나미
218,009680,2.3,2.1,2.2,2.2,2.6,1.9,0.16,0.21,0.07,154,2.3,33,2.8,2.1,2,2,1.8,모토닉
219,009580,3.2,3.5,3.2,2.7,3.1,2.6,0.55,0.65,0.11,121,3,173,2.6,3.2,3.5,2.5,2.3,무림P&P
220,009200,2.9,3.5,2.6,2.5,2.9,2.4,0.39,0.47,0.1,180,3,173,2.6,3.2,3.5,2.5,2.3,무림페이퍼
221,025560,2.4,1.7,2.9,2.9,2.3,1.9,0.1,0.24,0.04,79,2.7,9,2.9,3.3,1.8,2.6,2.9,미래산업
222,007120,2.4,2,2.5,2.5,2.5,2,0.11,0.21,0.14,28,3,1,3,4,2,4,2,미래아이앤지
223,002840,3,3.3,2.6,2.6,2.6,2.7,0.47,0.59,0.47,192,3.5,144,3.5,3.1,3.4,3.1,3.2,미원상사
224,268280,3,3.3,2.9,2.4,2.6,2.7,0.43,0.54,0.45,109,0,0,0,0,0,0,0,미원에스씨
225,003650,2.4,1.9,3.9,2.4,2,1.8,0.27,0.09,0.03,33,1.9,11,1.4,3.4,1.5,1.5,1.3,미창석유
226,155900,0,0,0,0,0,0,0,0,0,0,0,0,0,0,0,0,0,바다로19호
227,001340,3.8,4,3.7,3.2,3.2,3.1,0.69,0.74,0.61,36,3.6,21,3.2,3.6,3.7,3.1,3.1,백광산업
228,035150,2.8,2.3,3.1,2.7,2.8,2,0.2,0.29,0.1,83,2.9,17,3.1,3.9,1.8,3.1,1.9,백산
229,002410,2.4,2.4,2.3,1.9,2.2,2,0.21,0.58,0.21,29,2.4,23,2.2,2.6,2.6,2,2.1,범양건영
230,007210,2.5,2.2,2.8,2.5,2.7,2.1,0.26,0.29,0.08,166,3.1,94,2.7,3.6,3.4,3,2.4,벽산
231,003850,3.1,3.5,3,2.8,2.9,2.7,0.52,0.51,0.34,625,3.3,518,3.2,3.4,3.6,3,2.5,보령
232,000890,2.4,2.6,2.7,2.3,2.1,1.9,0.22,0.35,0.06,88,3.1,12,2.8,3.5,2.8,2.6,2.6,보해양조
233,003000,2.8,2.4,3.5,2.5,2.3,2.2,0.31,0.29,0.11,250,2.9,127,2.6,3.8,2.2,2.6,2.1,부광약품
234,011390,3.3,4,3.6,2.6,3,2.4,0.65,0.5,0.2,20,0,0,0,0,0,0,0,부산산업
235,002070,2.3,2.1,2.8,2.2,2.2,1.7,0.14,0.18,0.03,203,2.5,69,2.3,3.3,2,2.2,1.8,비비안
236,100220,3.1,2.8,3.3,3.2,2.5,2.5,0.51,0.55,0.14,746,3.1,358,2.9,3.6,2.5,3.1,2.3,비상교육
237,090460,2.3,2.3,1.9,2,2.3,1.9,0.19,0.29,0.23,391,2,79,2.1,2.3,1.7,1.9,1.6,비에이치
238,005180,3.2,3.4,2.9,2.8,2.7,2.5,0.47,0.53,0.14,506,3.6,294,3,4.3,3.5,3.3,2.7,빙그레
239,003960,2.3,2.1,2.3,2.1,2.4,1.9,0.16,0.21,0.11,238,2.3,168,2.7,2.4,1.8,1.9,1.6,사조대림
240,008040,2.5,2.5,2.7,2.4,2.3,1.9,0.2,0.23,0.03,71,2.4,37,2.5,2.4,1.9,2.1,1.7,사조동아원
241,007160,1.6,1.8,1.7,1.6,2.2,1.6,0.12,0.14,0.07,102,1.8,28,2.7,1.7,1.7,1.5,1.3,사조산업
242,001470,3.3,2.8,3.5,3.4,3.2,2.4,0.43,0.3,0.24,51,3.4,65,3.2,3.8,3.2,3.3,2.6,삼부토건
243,006400,3.4,3.8,3.1,3.2,3,2.7,0.58,0.57,0.49,1611,3.2,1394,3.1,3.1,3.2,3,2.4,삼성SDI
244,006660,1.7,1.4,1.7,2,1.9,1.5,0.08,0.09,0.01,148,2,4,2.5,1.5,1.5,2,1.3,삼성공조
245,028260,3.3,4.2,2.8,3.1,3,2.4,0.5,0.39,0.17,779,3.4,1121,3.3,3.3,3.5,3.2,2.6,삼성물산
246,207940,3.7,3.8,3.3,3.7,3.2,3.1,0.73,0.68,0.7,852,3.4,1450,3.3,3.3,3.2,3.4,2.5,삼성바이오로직스
247,018260,3.5,3.9,3.4,3.4,3.3,2.7,0.64,0.42,0.29,1978,3.3,2131,2.6,4,3.7,3.2,2,삼성에스디에스
248,028050,3.2,3.5,2.9,3.1,2.9,2.4,0.42,0.45,0.21,912,2.9,694,2.8,3,2.9,2.8,1.8,삼성엔지니어링
249,009150,3.3,3.8,2.9,3.2,3,2.9,0.55,0.59,0.36,1276,3.6,918,3.2,3.5,3.7,3.4,3.1,삼성전기
250,005930,3.8,4.2,3.1,3.5,3.5,3.2,0.75,0.69,0.52,8688,3.5,12302,3.3,3.1,3.8,3.3,2.6,삼성전자
251,010140,2.8,2.8,3,2.8,2.7,2.1,0.24,0.25,0.09,1846,2.2,1322,2.3,3.4,1.8,2.3,1.4,삼성중공업
252,006110,2.8,2.5,3.5,2.7,2.6,2.3,0.36,0.4,0.18,55,3.2,30,2.9,4,2.5,3.3,2.5,삼아알미늄
253,145990,3.1,2.9,3.4,2.9,2.9,2.6,0.47,0.46,0.12,345,3,413,2.7,3.6,2.6,2.8,2.3,삼양사
254,003230,2.6,2.1,3.1,2.6,2.7,1.9,0.29,0.26,0.23,581,2.6,436,2.5,3.4,2,2.4,1.8,삼양식품
255,002170,1.9,2.1,1.7,1.6,2.3,1.6,0.13,0.26,0.11,62,2.4,5,2.6,1.6,2.4,1.6,2,삼양통상
256,272550,2.8,3,2.5,2.6,2.6,2.3,0.35,0.37,0.23,62,3.4,67,3.1,3,3.4,3.1,2.8,삼양패키징
257,000070,2.7,2.7,3.2,2.8,2.7,2.4,0.3,0.41,0.18,88,3,124,2.8,3,2.7,2.7,2.5,삼양홀딩스
258,003720,2.4,2,2.5,2,1.8,1.6,0.23,0.16,0.09,384,2.7,29,2.9,2.2,2.3,2.3,2.1,삼영
259,002810,2.2,2.5,4,2,2.1,1.7,0.15,0.17,0.04,26,1.8,4,1.3,4.5,1.8,2,1.5,삼영무역
260,005680,2.4,2,2.5,2,1.8,1.6,0.23,0.16,0.09,384,1.8,25,1.9,2.6,1.5,1.5,1.2,삼영전자
261,004380,3.3,3.4,3.3,3,3.1,2.7,0.52,0.53,0.25,158,3.2,160,2.8,3.3,3,2.6,2.3,삼익THK
262,002450,2.1,1.9,2.3,1.9,2,1.6,0.2,0.13,0.06,142,1.9,32,1.6,2.6,1.6,1.7,1.2,삼익악기
263,004440,2.4,2.2,2.7,2.3,2.2,1.8,0.26,0.32,0.16,19,2.1,22,2,2.6,2,1.9,1.9,삼일씨엔에스
264,000520,2.8,3.1,3.1,2.4,2.7,2.1,0.36,0.32,0.07,192,3,156,2.5,3.6,2.7,2.7,2,삼일제약
265,005500,3.1,3.7,3.6,2.4,2.4,2.4,0.47,0.41,0.22,166,3.5,133,2.6,4,4,2.8,2.7,삼진제약
266,004690,3.5,3.9,4,3,2.9,2.6,0.67,0.6,0.14,117,3.8,129,2.6,4.5,3.9,2.9,2.5,삼천리
267,010960,2.4,2.5,1.6,2,2.8,2.1,0.22,0.4,0.16,167,2.5,34,3.2,1.7,2.6,1.9,2.2,삼호개발
268,004450,2.6,2.8,2.2,2.4,2.4,2,0.28,0.23,0.05,80,2.8,11,2.4,3.1,2.5,2.9,2.4,삼화왕관
269,009470,2.6,2.4,2.6,2.3,2.2,2.4,0.28,0.41,0.16,114,0,0,0,0,0,0,0,삼화전기
270,001820,2.3,2.5,2.2,2,2.4,1.9,0.23,0.29,0.18,346,2.5,94,2.7,3,2.7,2.1,2,삼화콘덴서
271,000390,2.7,2.9,2.4,2.2,2.8,2.1,0.29,0.25,0.1,340,2.9,158,2.7,2.7,3,2.3,2,삼화페인트
272,041650,3.2,3.7,2.9,3,3.1,2.8,0.65,0.68,0.24,95,3.5,59,3,4,3.8,3.1,2.4,상신브레이크
273,075180,2,2.8,2.1,1.7,2.1,1.9,0.19,0.13,0.07,122,1.9,40,1.9,2.3,2.7,1.6,1.3,새론오토모티브
274,007540,2.6,1.7,3.4,3,2.4,2.2,0.27,0.29,0.13,716,2.6,296,2.4,3.5,1.6,2.7,2,샘표
275,248170,2.6,1.7,3.4,3,2.4,2.2,0.27,0.29,0.13,716,2.6,296,2.4,3.5,1.6,2.7,2,샘표식품
276,007860,2,2.2,2,2,2.4,1.6,0.13,0.16,0.11,638,4.5,4,4.5,4.5,4.8,4.3,4.5,서연
277,200880,3.4,3.9,2.8,2.6,3.2,2.6,0.61,0.42,0.25,103,3.3,138,3.1,3.4,3.6,2.7,2.3,서연이화
278,017390,4,4.1,4.2,3.2,3,2.8,0.76,0.53,0.24,38,4.2,75,3.3,4.8,4,3.2,2.7,서울가스
279,008490,2.5,2.8,2.6,2,2.4,2.1,0.26,0.37,0.23,282,2.5,77,2.6,2.9,2.9,2,2.2,서흥
280,007610,2.4,2,2.9,2.2,2.1,2.1,0.27,0.32,0.02,41,2.8,8,3.1,3.6,1.5,2.3,1.8,선도전기
281,136490,3,3.2,2.5,2.4,2.9,2.5,0.41,0.57,0.36,287,3.2,259,3.1,2.9,3.2,2.7,2.6,선진
282,003080,3.1,2.9,3.7,2.7,2.7,2.5,0.5,0.47,0.13,32,3.5,17,2.9,4.1,3,3.1,2.9,성보화학
283,004980,2.8,3.4,2.7,2.1,2.6,2.3,0.37,0.37,0.12,96,2.5,80,2.4,2.6,2.9,1.9,1.6,성신양회
284,011300,2.4,2.2,2.1,2.5,2.6,2.3,0.19,0.39,0.11,63,2.4,5,2,4.4,2.6,2.6,1.8,성안
285,000180,2,2.1,2.6,1.8,2.2,1.6,0.19,0.22,0.1,145,2.1,15,2.1,3.2,2.1,1.9,1.7,성창기업지주
286,004360,2.6,3.4,2.5,2.1,2.4,2.1,0.29,0.31,0.15,396,2.8,146,2.9,2.8,2.8,2.3,2.2,세방
287,004490,2.6,3.4,2.5,2.1,2.4,2.1,0.29,0.31,0.15,396,2.6,202,2.5,3,2.7,2.1,1.9,세방전지
288,001430,3.3,3.6,3.1,2.9,3.2,3.2,0.58,0.71,0.18,128,3.5,155,3.3,3.4,3.6,3.1,3,세아베스틸지주
289,019440,3.1,3.3,3,2.6,3,2.7,0.4,0.47,0.13,83,3.4,58,3.1,3.4,3.4,2.9,2.9,세아특수강
290,058650,3.8,3.6,4.1,4.1,3.4,3.9,0.92,0.9,0.31,13,4.4,20,3.9,4.4,3.9,4.3,4.3,세아홀딩스
291,013000,1.8,1.6,2.4,1.9,2.1,1.5,0.11,0.08,0.17,18,2.3,7,2.6,2.4,3.3,2.6,2.1,세우글로벌
292,091090,2.5,2.4,2.8,2.7,2.3,1.9,0.19,0.19,0.05,212,3.5,15,3.5,3.7,2.9,3.3,3,세원이앤씨
293,033530,3,3.1,2.9,2.3,2.7,2.3,0.28,0.44,0.11,107,3.2,108,3,3.9,2.8,2.5,2.3,세종공업
294,075580,2.5,2.4,2.5,2.4,2.4,1.9,0.18,0.22,0.13,215,2.2,74,2.4,2.2,2.2,2.1,1.8,세진중공업
295,068270,3.4,3.7,2.7,3,3.4,2.7,0.61,0.61,0.54,779,3.3,863,3.6,2.9,3.7,2.8,2.3,셀트리온
296,336370,3.5,3.5,3.9,3.3,3.5,2.5,0.5,0.35,0.45,20,3.4,69,3.3,4,3.3,3.1,2.4,솔루스첨단소재
297,248070,3,2.6,3.2,3.1,2.8,2.5,0.44,0.48,0.36,171,3,133,3.2,3.3,2.2,2.8,2.3,솔루엠
298,004430,3.8,3.6,3.9,3.4,3.5,3.1,0.78,0.71,0.39,73,3.7,65,3,4.3,3.7,3.1,2.7,송원산업
299,126720,3.2,3.1,3.6,2.9,2.5,2.6,0.52,0.53,0.27,368,3.4,169,3.1,3.9,3.1,2.9,2.5,수산인더스트리
300,017550,2.7,2.5,2.5,2.7,2.7,2.2,0.34,0.46,0.11,131,3.3,81,3.2,3.6,2.9,3,2.5,수산중공업
301,016590,2.4,2.5,2.7,2.4,2.3,2.1,0.47,0.47,0.13,15,3.2,16,3,3.6,3,3,2.9,신대양제지
302,029530,2.6,2.7,3.2,2.5,2.2,2,0.27,0.25,0.06,545,2.2,184,1.9,3.6,2.1,2,1.5,신도리코
303,004970,2.4,3.1,2.3,1.9,2.3,2,0.34,0.35,0.08,71,2.2,53,2.1,2.3,2.6,1.8,1.4,신라교역
304,011930,2.5,2.2,2.6,2.5,2.8,2.2,0.24,0.34,0.16,368,2.7,152,2.7,3,2.1,2.4,2.1,신성이엔지
305,004170,3.4,3.5,3.7,3.1,2.8,2.9,0.67,0.63,0.31,642,3.4,544,2.8,4,3.4,2.8,2.6,신세계
306,035510,2.9,3.4,3,2.7,2.4,2.5,0.4,0.52,0.18,422,3.2,642,2.7,3.4,3.4,2.9,2.8,"신세계 I&C"
307,031430,3.4,3.5,3.7,3.1,2.8,2.9,0.67,0.63,0.31,642,3.5,602,3.2,4.1,3.5,3.1,2.6,신세계인터내셔날
308,031440,3,3.4,2.9,2.7,2.5,2.6,0.44,0.54,0.19,582,2.8,360,2.5,3.1,3,2.5,2.2,신세계푸드
309,006880,2,2.1,1.7,1.9,2.5,2,0.29,0.43,0.21,14,2.2,13,2,3.2,2.6,2,2,신송홀딩스
310,005800,2.1,1.9,2.4,1.8,2,1.8,0.18,0.28,0.06,305,2.3,56,2.1,3.5,2,2,1.9,신영와코루
311,009270,2.5,2.9,2.2,2.2,2.8,2.1,0.31,0.3,0.11,434,2.8,263,2.7,2.4,3.1,2.3,2.1,신원
312,002870,2.5,2.4,2.7,2.2,2.4,2,0.26,0.28,0.09,334,2,1,2,4,3,3,2,신풍
313,019170,2.5,2.4,2.7,2.2,2.4,2,0.26,0.28,0.09,334,2.7,161,2.6,3.3,2.3,2.2,2.1,신풍제약
314,004080,2.2,2.6,2,1.9,2.2,1.7,0.13,0.13,0.07,500,2.2,88,2.2,2.3,3,1.8,1.6,신흥
315,102280,2,1.7,2.5,2.3,1.8,1.6,0.15,0.21,0.05,217,1.7,26,1.6,2.7,1.2,1.7,1.3,쌍방울
316,003410,3.2,3.5,2.5,2.6,3.4,2.4,0.47,0.47,0.34,106,3.4,102,3.2,2.7,4,2.5,2.2,쌍용C&E
317,004770,2.5,2.7,3,2.6,2.4,2.1,0.18,0.18,0.09,11,0,0,0,0,0,0,0,써니전자
318,403550,3,2.3,3.3,3.3,2.7,2.6,0.42,0.5,0.34,370,3.3,378,3.5,4.1,2.4,3.5,2.7,쏘카
319,004920,2.3,1.8,3.5,2.2,2.2,1.7,0.18,0.24,0.06,17,1.7,6,2.5,3.8,1.3,1.8,1.5,씨아이테크
320,112610,3.2,3.7,3.4,2.4,2.9,2.5,0.65,0.68,0.39,25,3.6,20,3.2,3.5,4,3,2.9,씨에스윈드
321,008700,1.9,1.7,2,1.9,2,1.7,0.2,0.2,0.12,114,2.1,14,2.4,2.1,1.6,1.8,1.3,아남전자
322,090430,3.5,3.5,3.8,3.5,3,2.8,0.7,0.58,0.28,1783,3.5,1591,2.9,4.3,3.1,3.6,2.4,아모레퍼시픽
323,002790,3.8,3.7,4.2,3.6,3.4,3,0.75,0.65,0.4,20,3.7,30,3.6,4.2,3.5,3.6,3,아모레G
324,002030,2,2.2,1.6,1.8,2.5,1.8,0.15,0.2,0.18,164,0,0,0,0,0,0,0,아세아
325,183190,3.5,3.7,3.5,2.8,2.8,3.1,0.57,0.78,0.2,44,3.6,14,3.1,3.8,3.8,2.9,3.3,아세아시멘트
326,002310,3.1,3.5,3,2.7,2.9,2.7,0.49,0.58,0.32,41,3.3,10,3,3.3,3.5,2.6,2.6,아세아제지
327,012170,1.6,1.4,1.6,1.7,1.6,1.5,0.09,0.11,0.09,45,0,0,0,0,0,0,0,아센디오
328,020560,3,3.1,3.4,2.8,2.4,2.1,0.45,0.24,0.14,680,2.6,782,2.4,3.5,2.4,2.5,1.4,아시아나항공
329,122900,3.2,3.3,3.5,3.1,2.8,2.7,0.51,0.52,0.08,320,3.3,103,2.7,3.7,3.2,3,2.7,아이마켓코리아
330,010780,2.9,3.2,2.9,2.4,2.9,2.3,0.45,0.48,0.32,217,3.4,168,3.1,3,3.9,2.7,2.8,아이에스동서
331,003560,2.9,2.6,3.5,2.8,2.5,2.1,0.33,0.33,0.09,80,2.5,57,2.1,3.3,2.4,2.3,1.5,IHQ
332,139990,2.6,2.7,2.1,2.5,2.7,2.3,0.27,0.51,0.34,156,2.9,121,3,2.3,2.8,2.6,2.5,아주스틸
333,001780,2.4,2.3,2,2.2,2.4,1.9,0.27,0.3,0.22,37,2.1,11,2.3,2.1,1.5,2.1,1.5,알루코
334,018250,3,2.8,2.9,2.9,2.8,2.4,0.43,0.4,0.17,451,2.6,294,2.6,3.2,2.3,2.6,1.8,애경산업
335,161000,2.8,2.7,3.1,2.5,2.8,2.2,0.29,0.33,0.1,128,2.6,147,2.6,3.1,2.3,2.4,2,애경케미칼
336,011090,2.2,2.1,2.4,1.9,2.2,1.7,0.13,0.14,0.05,256,2.1,97,2.2,3.1,1.9,1.7,1.4,에넥스
337,005850,2.9,3.3,2.4,2.6,2.9,2.3,0.47,0.39,0.29,757,2.7,616,3,2.5,3,2.3,1.7,에스엘
338,010580,1.8,2.1,2.1,2,2,1.5,0.09,0.18,0.03,66,1.7,20,1.5,2,1.6,1.6,1.4,에스엠벡셀
339,012750,2.8,3.1,2.8,2.5,2.5,2.3,0.29,0.36,0.14,994,2.9,701,2.4,3.2,2.7,2.5,2,에스원
340,123700,2.8,3.7,3.2,2.1,2.6,2.2,0.41,0.41,0.14,51,2.9,15,2.6,2.9,3.5,2.5,2.1,SJM
341,326030,3.2,3,3.9,3.3,3.2,2.4,0.6,0.38,0.53,68,3.2,110,3,3.8,2.9,3.2,2.3,SK바이오팜
342,023960,2.3,2,2.9,2.4,2.3,2.1,0.18,0.26,0.03,61,1.9,37,2.3,2.5,1.6,1.8,1.6,에쓰씨엔지니어링
343,078520,2.5,2.5,2.9,2.4,2.5,1.8,0.22,0.24,0.07,669,2.5,252,2.4,3.2,2.3,2.4,1.7,에이블씨엔씨
344,015260,2.5,2.7,2.7,2.5,2.2,1.9,0.23,0.31,0.08,64,2.5,4,1.8,4.3,2.5,3,1.8,에이엔피
345,007460,2.4,2.2,2.5,2.5,2.8,2,0.2,0.33,0.16,282,2.7,369,3,3.3,2.2,2.7,2.1,에이프로젠
346,003060,2.4,2.2,2.5,2.5,2.8,2,0.2,0.33,0.16,282,0,0,0,0,0,0,0,에이프로젠바이오로직스
347,244920,2.2,1.8,2.5,2.2,2.2,1.9,0.14,0.28,0.17,146,2,81,2.2,2.4,1.4,1.7,1.4,에이플러스에셋
348,036570,3.6,4,3.4,3.3,2.9,2.7,0.7,0.66,0.3,1131,3.6,1635,3.2,3.5,3.9,3.2,2.5,엔씨소프트
349,181710,3.5,3.5,3.6,3.6,3.1,2.7,0.61,0.52,0.24,702,3.5,1007,3.2,4.1,3.1,3.7,2.7,NHN
350,085310,3,2.5,3.5,2.8,2.8,2.6,0.39,0.5,0.33,234,2.7,16,2.9,3,2.7,2.5,2.2,엔케이
351,004250,2.2,3.4,1.9,1.7,2.4,1.6,0.19,0.15,0.09,176,2.4,53,2.2,2.3,3.3,1.9,1.7,NPC
352,900140,1.8,2.8,2.2,1.6,2.2,2,0.2,0.2,0.2,5,0,0,0,0,0,0,0,엘브이엠씨홀딩스
353,010120,3.3,2.8,4.2,3.3,2.5,2.7,0.51,0.42,0.16,83,3.3,612,3.1,4.2,2.6,3,2.2,"LS ELECTRIC"
354,097520,2,1.6,2,2.2,2.3,1.7,0.13,0.22,0.23,570,1.7,175,2.1,2.2,1.4,1.9,1.4,엠씨넥스
355,014440,2.9,3.1,2.9,2.5,2.5,2.1,0.29,0.41,0.06,17,3,1,3,5,3,3,3,영보화학
356,111770,2.7,2.5,3.1,2.5,2.7,2.2,0.38,0.36,0.16,240,2.5,178,2.5,3.2,2,2,1.9,영원무역
357,009970,2.6,2.6,3.4,2.4,2.8,2.2,0.4,0.4,0.2,5,0,0,0,0,0,0,0,영원무역홀딩스
358,000670,2,2.1,1.7,1.9,2.1,1.7,0.13,0.22,0.06,601,2.3,98,2.8,3.2,1.7,2.2,1.7,영풍
359,006740,2.5,2.8,2.8,2.3,2.4,2.2,0.24,0.38,0.18,17,2,7,2.1,2.9,1.7,1.7,1.4,영풍제지
360,012160,3,2.8,3.1,2.7,2.6,2.3,0.35,0.26,0.03,62,2.8,31,2.5,3.9,2.8,2.8,1.9,영흥
361,007310,2.5,2.5,2.4,2.2,2.7,2.2,0.27,0.41,0.28,859,2.6,487,2.8,2.9,2.3,2.3,2,오뚜기
362,271560,2.7,2.7,2.6,2.5,2.6,2.2,0.31,0.38,0.25,357,3,229,3,2.7,3.1,2.5,2.4,오리온
363,001800,2.7,2.7,2.6,2.5,2.6,2.2,0.31,0.38,0.25,357,3,229,3,2.7,3.1,2.5,2.4,오리온홀딩스
364,011690,2.2,1.6,2.4,2.4,2.4,2.1,0.12,0.25,0.09,65,2.6,5,2,2.2,1.8,1.8,1.6,와이투솔루션
365,070960,2.8,2.8,2.7,2.6,2.3,2.4,0.35,0.43,0.07,202,2.5,25,2.2,2.8,2.3,2.2,1.6,용평리조트
366,006980,2.5,2.6,2.6,2.2,2.6,2.1,0.28,0.28,0.14,127,2.5,11,2.7,2.4,3,2.5,2.4,우성
367,017370,2.3,2.1,2,2.4,2.8,1.9,0.15,0.2,0.08,95,2.6,24,3.5,2.2,2.3,2.5,2,우신시스템
368,105840,2,1.6,1.9,2,2.2,1.7,0.1,0.25,0.12,336,3.2,24,2.4,4.3,2.2,3.2,2.3,우진
369,010400,2.7,2.3,2.8,2.9,2.8,2.3,0.38,0.52,0.14,29,2.2,5,2.2,1.8,1.4,2.2,1.8,우진아이엔에스
370,049800,2,1.6,1.9,2,2.2,1.7,0.1,0.25,0.12,336,2.6,25,2.8,2.6,2,2.4,2.2,우진플라임
371,016880,3.2,2.9,3.3,3.3,2.8,2.8,0.53,0.63,0.18,950,2.9,158,2.9,3.4,2.3,3.1,2.3,웅진
372,095720,3.2,2.9,3.3,3.3,2.8,2.8,0.53,0.63,0.18,950,3.3,264,2.8,3.8,2.8,3.2,2.7,웅진씽크빅
373,005820,2.3,2.4,3.6,1.6,2.9,1.9,0.14,0.33,0.14,7,2,2,3,1.5,1.5,2,2,원림
374,010600,2.3,1.9,3.2,2.1,1.9,1.8,0.1,0.4,0.1,10,2.4,8,2,3.4,2.1,2.1,2.3,웰바이오텍
375,008600,2.7,2.3,3,2.4,2.4,2.3,0.24,0.34,0.06,140,2.3,57,2.1,3.2,2,2.2,2.1,윌비스
376,014830,2,2.8,2.8,1.8,2,1.7,0.18,0.13,0.1,82,3.3,65,3.1,3.2,3.7,2.7,2.5,유니드
377,000910,2.4,2,2.9,2.4,2.4,2.1,0.28,0.43,0.21,149,2,3,2.3,3,1.7,2,2,유니온
378,047400,3.1,3.5,3.5,2.8,3.2,2,0.5,0.31,0.12,52,3.4,51,2.7,4.3,3.3,2.5,1.7,유니온머티리얼
379,011330,2.2,2.4,3.4,2,2.3,2,0.11,0.22,0.22,9,0,0,0,0,0,0,0,유니켐
380,077500,3.2,2.7,3.5,2.9,2.9,2.7,0.56,0.61,0.33,45,3.7,37,3.8,3.8,2.7,3.3,2.8,유니퀘스트
381,000700,3.3,3.3,4.3,3.3,3,2.5,0.5,0.25,0.25,4,2.7,3,2,4.3,3,2,2.3,유수홀딩스
382,072130,3.1,3.1,3.3,2.8,2.9,2.3,0.41,0.5,0.07,182,2.9,45,2.4,3.8,2.5,2.5,1.9,유엔젤
383,000220,2.7,2.8,3.2,2.5,2.5,2.5,0.34,0.65,0.13,224,3.1,108,2.8,3.7,2.7,2.9,2.6,유유제약
384,000100,3.3,3.9,2.9,2.4,3.1,2.4,0.55,0.46,0.28,386,3.5,415,3.1,3.2,3.9,2.5,2.2,유한양행
385,008730,2.9,3.2,2.8,2.4,2.8,2.5,0.49,0.43,0.17,105,3,102,2.8,3.2,2.9,2.5,2.3,율촌화학
386,008250,2.6,2.5,2.6,2.6,2.6,1.9,0.27,0.21,0.11,37,2.9,70,2.7,3.3,2.6,2.8,2,이건산업
387,214320,3.2,3.6,2.6,3.1,3.2,2.4,0.56,0.46,0.21,452,3.3,395,3.3,2.9,3.2,2.8,2.3,이노션
388,139480,3.5,3.4,3.4,3.2,2.7,2.9,0.55,0.63,0.23,2462,3.2,1172,2.5,3.9,3.1,2.8,2.4,이마트
389,007660,3.1,3.6,2.7,2.5,3,2.5,0.39,0.39,0.2,127,3.1,84,2.8,3,3.4,2.4,2.2,이수페타시스
390,093230,2.9,2.4,2.9,2.8,2.9,2.3,0.26,0.52,0.18,34,2.5,8,2.3,3.1,2.1,2,1.9,이아이디
391,074610,2.5,2,2.8,2.3,2,2.3,0.33,0.33,0.17,6,3,1,2,5,2,3,2,이엔플러스
392,102460,1.9,1.9,2.4,2,2.1,1.9,0.14,0.42,0.14,304,2.3,106,2.3,2.9,1.9,2.1,2,이연제약
393,000760,2.1,2.6,1.9,1.8,2.8,1.6,0.09,0.23,0.09,22,2,3,1.3,2.7,1.7,2,1,이화산업
394,014990,2.4,2.6,2.8,2.2,2.3,1.8,0.23,0.26,0.02,207,2.6,96,2.1,3.1,2.4,2.1,1.8,인디에프
395,006490,2.5,2.3,3.5,2.3,2.2,2.2,0.19,0.28,0.13,32,2.6,12,2.3,3.4,2.1,2.2,1.8,인스코비
396,023800,2.1,1.7,2.1,2.2,2.6,1.8,0.14,0.16,0.1,405,2.3,161,3.1,2.6,1.6,2.2,1.8,인지컨트롤스
397,129260,2.5,2.7,2.5,2.3,2.6,2.1,0.19,0.32,0.1,125,2.4,88,2.4,3.2,2.5,2.3,1.9,인터지스
398,023810,2.6,2.3,2.4,2.5,2.8,2.4,0.26,0.51,0.3,219,2.9,204,2.8,3,2.4,2.5,2.3,인팩
399,249420,3.2,3.9,3,2.7,3,2.6,0.49,0.53,0.18,524,3.4,461,3,3.6,3.9,3,2.4,일동제약
400,013360,3.2,3.3,3.4,2.9,3,2.8,0.46,0.51,0.22,78,3.5,81,3.1,3.7,3.4,3.1,2.8,일성건설
401,003200,2.8,2.2,3.4,2.8,2.6,2.3,0.27,0.22,0.13,89,2.6,24,2.2,4,1.9,2.3,2.1,일신방직
402,007570,2.4,2.7,2.3,2,2.4,2,0.2,0.22,0.12,459,2.4,190,2.3,2.6,2.8,1.8,1.6,일양약품
403,008500,1.7,1.7,2.1,1.9,1.6,1.6,0.08,0.08,0.03,40,1.6,5,1.8,2,1.2,1.8,1,일정실업
404,081000,2.5,2.3,2.5,2.2,2.4,2,0.18,0.25,0.08,173,2.8,34,2.7,3.5,2.4,2.5,2.2,일진다이아
405,020760,2.5,2.6,2.2,2.4,2.3,2.3,0.22,0.39,0.09,225,2.1,25,2.8,2.3,2.2,2,1.9,일진디스플
406,103590,2.3,2.1,2.6,2.2,2.3,1.9,0.16,0.19,0.05,320,2.6,113,2.7,3.2,2.1,2.2,2,일진전기
407,226320,2.5,2.8,3.4,2.5,2.5,1.8,0.26,0.32,0.04,169,2.7,59,2.4,3.9,3,2.6,2,잇츠한불
408,317400,3,2.6,3.3,3.1,2.9,2.7,0.39,0.51,0.42,150,3.3,102,3,3.9,2.5,3.1,2.8,자이에스앤디
409,033240,2.5,2.8,2.2,2.3,2.6,2,0.23,0.35,0.21,424,2.2,257,2.4,2,2.4,2,1.7,자화전자
410,194370,2.2,2.3,1.9,2.2,2.3,1.9,0.19,0.32,0.22,73,1.7,11,1.6,1.7,1.5,1.6,1.5,제이에스코퍼레이션
411,025620,2.1,2.1,2.9,2.1,2.2,1.7,0.08,0.13,0.04,136,2.3,22,2,3.2,2.2,2.1,1.6,제이준코스메틱
412,030000,3.6,3.8,2.9,3.6,3.2,2.9,0.74,0.61,0.29,868,3.5,544,3.7,2.9,3.3,3.3,2.4,제일기획
413,271980,2.6,2.7,2.8,2.3,2.4,2,0.28,0.24,0.11,814,2.7,497,2.7,3.2,2.8,2.3,1.8,제일약품
414,001560,2.5,2.9,2.2,2.3,2.2,2.3,0.13,0.64,0.07,16,2.9,7,2.7,3.1,2.9,2.6,2.6,제일연마
415,089590,3.1,2.7,2.9,2.9,3,2.6,0.47,0.52,0.34,417,3,511,2.8,3.2,2.5,2.7,2.3,제주항공
416,004910,3.2,3.1,3.4,2.7,2.9,2.5,0.38,0.53,0.14,177,2.9,83,2.5,3.8,2.6,2.7,2.3,조광페인트
417,000480,3,3.5,3,2.5,2.8,2.4,0.43,0.46,0.08,108,2.6,46,2.1,3.4,3.3,2,2,조선내화
418,002600,3,2.7,3.1,2.5,2.6,2.5,0.38,0.45,0.29,58,3.1,29,3,3.9,3,2.6,2.3,조흥
419,185750,2.9,3.5,2.5,2.2,2.9,2.1,0.37,0.32,0.26,1077,3.8,1330,3.9,3.7,4.1,3.4,3.2,종근당
420,063160,3.1,3.2,3,2.5,2.7,2.4,0.41,0.46,0.19,223,3.1,186,2.8,3.4,3.2,2.5,2.2,종근당바이오
421,044380,2.7,2,3.8,2.8,2,2.3,0.25,0.38,0.05,44,2.3,3,2.3,4.3,2.7,2.3,2.3,주연테크
422,013890,3.7,3.8,3.7,3.2,3.4,3.3,0.7,0.69,0.57,40,3.9,50,3.8,3.9,4,3.7,3.7,지누스
423,013870,3,3,2.7,2.6,3.1,2.4,0.45,0.52,0.31,127,3.2,62,3.3,2.9,2.6,2.6,2.5,지엠비코리아
424,071320,4,3.8,4.2,3.6,3.2,3.1,0.83,0.58,0.29,316,3.8,350,3.1,4.3,3.4,3.3,2.4,지역난방공사
425,035000,4.2,3.7,4.1,3.9,3.2,3.3,0.67,0.63,0.33,9,3.7,13,3.4,4.3,3.5,3.5,3.2,지투알
426,003780,2.8,2.8,2.8,2.8,3.1,2.5,0.33,0.39,0.33,18,1,1,2,2,1,1,1,진양산업
427,010640,3.1,2.6,2.7,2.9,2.8,2.7,0.57,0.69,0.29,14,0,0,0,0,0,0,0,진양폴리
428,011000,1.7,2.2,2.5,1.8,1.7,1.7,0.13,0.23,0.1,30,2.3,10,2,4.2,3.3,2.1,1.6,진원생명과학
429,009310,2.5,2.1,2.6,2.8,2.7,1.9,0.18,0.23,0.06,272,1.9,92,2.2,2.5,1.5,2.1,1.3,참엔지니어링
430,012600,2.2,1.8,3.1,2.5,2.1,1.6,0.11,0.12,0.05,64,1.7,3,1.7,5,1,2.7,1,청호ICT
431,035720,3.8,3.5,4.3,4.1,3.2,3,0.81,0.55,0.52,1160,3.5,2155,3.5,4.1,3,3.7,2.5,카카오
432,377300,3.2,3.3,3.2,3.2,2.7,2.4,0.5,0.47,0.41,260,3.7,596,3.9,3.8,3,3.7,2.4,카카오페이
433,001620,2.2,2,2.2,2.5,2.6,1.9,0.17,0.25,0.05,60,2.5,71,2.9,2.5,2,2.2,1.9,케이비아이동국실업
434,029460,2.6,2.8,2.3,2.1,2.5,2.1,0.26,0.35,0.13,1494,4,48,3.7,4.1,3.9,4.1,3.8,케이씨
435,002380,2.6,2.8,2.3,2.1,2.5,2.1,0.26,0.35,0.13,1494,2.5,1073,2.7,2.6,2.6,2,1.9,KCC
436,344820,2.5,2.8,2.5,2.1,2.2,1.8,0.22,0.24,0.07,161,2.6,136,2.8,2.6,2.7,2.1,1.9,KCC글라스
437,009070,2.9,3,2.8,2.5,2.5,2.3,0.38,0.41,0.18,105,3,101,3.1,2.9,3,2.5,2.3,KCTC
438,145270,0,0,0,0,0,0,0,0,0,0,0,0,0,0,0,0,0,케이탑리츠
439,030200,3.1,2.9,3.6,3.1,2.8,2.4,0.48,0.37,0.18,1886,2.7,1596,2.1,3.7,2.3,2.5,1.8,KT
440,053210,3.1,3.3,3.6,3.1,2.6,2.4,0.49,0.37,0.09,90,3.6,77,2.4,4.3,3.8,3.3,2.4,스카이라이프
441,033780,3.9,4.2,3.9,3.2,3.1,3.1,0.79,0.71,0.38,355,3.8,222,2.7,4.1,4.2,2.7,2.7,KT&G
442,007810,2.5,2.6,2,2.3,2.4,2,0.2,0.25,0.14,898,2.8,221,3,2.4,2.6,2.4,2.1,코리아써키트
443,192820,2.7,3,2.2,2.4,2.9,2.3,0.34,0.56,0.42,732,3.2,513,3.2,3.2,3.5,2.6,2.4,코스맥스
444,005420,2.7,2.6,2.9,3,2.7,2.3,0.29,0.39,0.22,91,2.7,42,3.4,3,2.5,2.7,2.3,코스모화학
445,071950,2,1.8,2.2,2,2.1,1.7,0.1,0.21,0.06,344,1.6,40,1.7,2,1.6,1.4,1.4,코아스
446,002020,3.2,3.2,3.4,2.9,3.1,2.5,0.55,0.45,0.13,598,3.5,30,2.7,4,3.3,3.2,2.9,코오롱
447,003070,3.1,3.1,3.1,3,2.9,2.6,0.55,0.57,0.16,314,3.7,172,3.5,3.8,3.5,3.5,3.2,코오롱글로벌
448,120110,3.2,3.2,3.4,2.9,3.1,2.5,0.55,0.45,0.13,598,3.2,683,2.9,3.7,3.1,2.9,2.4,코오롱인더
449,138490,3.1,3.2,3.2,2.9,2.9,2.6,0.44,0.46,0.38,96,3,100,2.8,3.5,3.1,2.8,2.2,코오롱플라스틱
450,021240,3,3,3.3,3.1,2.7,2.4,0.42,0.38,0.23,851,3.1,543,2.7,3.5,3.1,2.8,2.2,코웨이
451,031820,2.9,2.4,2.8,2.7,2.9,2.4,0.35,0.38,0.16,247,2.9,92,3.2,2.6,2.5,2.6,2.4,콤텍시스템
452,192400,2.2,2.7,2,1.9,1.9,1.4,0.28,0.33,0.28,18,0,0,0,0,0,0,0,쿠쿠홀딩스
453,284740,1.9,2.3,1.9,1.6,2.1,1.7,0.14,0.18,0.21,174,0,0,0,0,0,0,0,쿠쿠홈시스
454,005740,2,1.6,2,1.6,2.7,1.6,0.09,0.14,0.03,35,1.8,208,2.5,2.4,1.4,1.7,1.4,크라운해태홀딩스
455,259960,3.4,3.6,3,3.6,3.1,2.9,0.61,0.54,0.34,268,3.6,541,3.4,3.2,4,3.4,2.7,크래프톤
456,014580,3,2.8,2.9,2.5,2.7,2.2,0.26,0.47,0.16,19,2.2,9,2.6,2.3,2.3,2,1.7,태경비케이
457,015890,2.9,3.2,3,2.9,2.9,2.3,0.31,0.44,0.28,29,2.3,4,2.5,2.3,1.8,2.8,1.8,태경산업
458,003240,2.3,2.1,3,2.2,2.3,1.8,0.22,0.23,0.07,373,2.1,418,2.2,2.9,1.8,1.9,1.6,태광산업
459,011280,2.5,2.6,2.2,2.3,2.4,2.1,0.14,0.32,0.19,159,2.8,52,2.5,2.8,3,2.5,2.3,태림포장
460,004100,2.1,2,2.3,2.2,1.9,1.6,0.16,0.12,0.06,299,1.8,48,2.3,2.7,2,2.1,1.3,태양금속
461,009410,3.1,3.3,2.7,2.4,2.7,2.5,0.49,0.38,0.26,193,3.1,298,3.1,2.7,3.3,2.2,2.2,태영건설
462,007980,3.2,3.3,2.7,3.3,2.9,2.7,0.54,0.56,0.24,487,2.6,225,2.5,3.2,2.5,2.8,1.9,태평양물산
463,055490,2.7,3,2.2,2.3,2.3,1.9,0.25,0.24,0.32,136,2.6,47,2.5,2.7,2.9,2.2,1.8,테이팩스
464,078000,2.9,2.9,3,3,2.6,2.1,0.38,0.31,0.08,108,2.9,73,2.7,3.5,2.6,2.7,2,텔코웨어
465,214420,2.3,2.5,2.2,2.2,2.3,1.9,0.22,0.31,0.13,446,2.5,130,2.7,2.7,2.3,2.1,1.8,토니모리
466,084870,2.7,2.7,2.5,2.5,2.7,2.4,0.36,0.58,0.09,222,3.1,72,2.7,2.9,2.6,2.7,2.6,TBH글로벌
467,019180,2,2.5,2.1,1.7,2.3,1.6,0.18,0.24,0.12,198,2.4,85,2.2,2.7,2.5,1.9,1.8,티에이치엔
468,091810,3.2,2.9,3.3,3.1,3,3,0.48,0.79,0.37,209,3.8,324,3.3,4,3,3.8,3.8,티웨이항공
469,036580,3,3.1,2.6,2.6,2.8,2.6,0.39,0.64,0.3,118,3.3,69,3.1,2.7,3.2,2.9,2.8,팜스코
470,004720,2.6,2.8,3,2.3,2.8,2.2,0.31,0.44,0.14,36,2.2,20,2.2,2.9,2.1,1.9,1.8,팜젠사이언스
471,028670,3.3,3.4,2.5,2.9,3.3,2.5,0.53,0.48,0.31,204,3.5,88,3.5,2.8,3.6,3,2.6,팬오션
472,016800,3,2.1,3.5,3.4,2.9,2.5,0.43,0.52,0.28,436,2.8,279,2.6,3.6,2,3.1,2.4,퍼시스
473,001020,3.1,3.1,3.7,3,2.9,2.7,0.57,0.67,0.29,7,3.3,3,2.7,4.3,2.7,2.3,3,페이퍼코리아
474,090080,2.3,2.9,2,2.1,2.3,1.9,0.15,0.15,0.02,163,2.4,200,2.6,2.1,2.9,2,1.7,평화산업
475,010770,3,3.3,2.2,2.4,2.8,2.3,0.4,0.42,0.16,92,2.4,200,2.6,2.1,2.9,2,1.7,평화홀딩스
476,058430,2.6,3.3,2.8,2.4,2.6,2.3,0.36,0.44,0.07,45,3.1,44,2.3,3.5,3.5,2.3,1.9,포스코스틸리온
477,047050,3.6,4.1,3.1,3,3.4,2.7,0.66,0.54,0.25,369,3.7,384,3.6,3.6,4.3,3.1,2.5,포스코인터내셔널
478,003670,3.6,3.8,3.4,3,3.2,2.6,0.63,0.45,0.63,249,3.4,462,3.2,3.3,3.7,3,2.3,포스코퓨처엠
479,017810,3,2.8,2.9,3,2.9,2.4,0.41,0.44,0.23,461,2.9,805,2.9,3.2,2.5,2.8,2.2,풀무원
480,005810,3.2,3.8,3.1,3.2,3.2,3,0.64,0.39,0.12,25,3.4,219,2.7,3.4,3.6,2.5,2.3,풍산홀딩스
481,009810,2.9,2.1,2.6,2.7,2.6,2.1,0.14,0.21,0.21,14,1,1,2,2,1,2,1,플레이그램
482,039130,3,2.2,3.8,3.4,3.1,2.4,0.33,0.32,0.18,1699,2.8,799,2.4,3.9,1.9,3.1,1.9,하나투어
483,071090,1.9,1.7,2.4,2,1.9,1.7,0.18,0.18,0.07,83,0,0,0,0,0,0,0,하이스틸
484,000080,3.4,4,3.1,2.8,3,2.6,0.63,0.53,0.29,368,4,339,3.2,3.6,4.4,3,2.8,하이트진로
485,036460,4.2,4.2,4.4,3.9,3.7,3.3,0.84,0.6,0.34,493,4.2,604,3.4,4.5,4,3.9,3,한국가스공사
486,005430,3.4,3.4,3.6,2.8,3,2.7,0.62,0.47,0.29,263,2.3,53,1.8,2.3,2.4,1.8,1.6,한국공항
487,010040,3.2,3.8,3.1,2.5,3.1,2.5,0.53,0.59,0.18,110,3.6,34,2.8,3.9,4,2.8,2.7,한국내화
488,025540,2.5,2.5,2.3,2.3,2.6,2.1,0.29,0.28,0.3,618,2.4,250,2.7,2.4,2,1.9,1.7,한국단자
489,010100,3.4,3.9,3.6,3,3.2,2.6,0.65,0.43,0.11,55,3.7,45,3,4.3,3.8,3,2.7,한국무브넥스
490,004090,3,3.2,3,2.2,2.9,2.2,0.36,0.43,0.14,59,2.8,43,2.5,3.1,2.7,2.5,2.4,한국석유
491,002200,2,2.3,1.9,1.8,1.7,1.6,0.14,0.18,0.07,81,1,2,1,1,1,1,1,한국수출포장
492,000240,3.3,2.9,3.5,2.8,3,2.3,0.52,0.4,0.17,61,2.8,16,2.8,3.2,2.9,2.3,1.9,한국앤컴퍼니
493,015760,3.9,3.9,4.1,3.4,3.7,3.3,0.83,0.76,0.34,2390,3.8,2674,3.2,4.1,3.6,2.9,2.8,한국전력
494,006200,2.4,2.3,2,2,2.3,2,0.29,0.29,0.14,7,2.3,113,2.8,2.2,2.1,1.8,1.7,한국전자홀딩스
495,017960,2.4,2,3,2.3,2.4,1.8,0.17,0.2,0.21,196,2,150,2.2,2.8,1.5,1.9,1.4,한국카본
496,161890,2.6,2.6,2.3,2.4,2.9,2.2,0.32,0.37,0.34,911,2.9,471,3,2.9,2.9,2.4,2.1,한국콜마
497,024720,2.4,2.7,2.8,2.5,2.9,2.2,0.33,0.31,0.26,27,2.9,471,3,2.9,2.9,2.4,2.1,한국콜마홀딩스
498,161390,2.8,2.3,3.5,2.8,2.8,1.9,0.3,0.15,0.09,185,2.8,755,2.7,3.7,2.3,2.7,1.9,한국타이어앤테크놀로지
499,047810,3.7,4.2,4,3.2,3.2,2.5,0.68,0.31,0.34,655,3.8,829,3.2,4.2,4.2,3.1,2.1,한국항공우주
500,123690,2.6,2.4,3.2,2.5,2.5,2,0.24,0.31,0.05,86,2.3,21,1.7,3.8,2.2,2,1.5,한국화장품
501,002390,3.3,3.2,3.7,3.5,2.9,2.9,0.68,0.71,0.17,448,3.5,351,3.2,4.1,2.8,3.6,3,한독
502,053690,3.2,3.1,3.6,3,2.9,2.4,0.54,0.49,0.26,121,3.3,167,3,3.7,3,2.8,2.2,한미글로벌
503,042700,2.3,2.1,2,2.1,2.3,1.8,0.21,0.23,0.27,526,2.4,150,2.9,2.4,2,2.3,1.7,한미반도체
504,008930,2.8,3.3,3,2.3,2.5,2.3,0.44,0.56,0.11,18,3.2,31,2.9,3.5,3.1,2.8,2.5,한미사이언스
505,128940,2.9,3,2.6,2.6,2.8,2.4,0.4,0.48,0.36,1309,3.1,865,3.5,3,2.7,2.7,2.4,한미약품
506,009240,2.5,2.7,1.9,2.3,2.8,2.1,0.21,0.36,0.27,2462,2.7,917,2.9,2.7,2.3,2.6,2,한샘
507,020000,2.7,2.9,2.7,2.3,2.6,2.3,0.4,0.43,0.22,580,2.8,446,3,3.1,2.7,2.1,2,한섬
508,105630,2.6,3.5,1.7,2.2,2.7,2.2,0.31,0.35,0.24,709,2.6,271,2.8,2,3.5,2.2,1.9,한세실업
509,069640,2.2,2.2,2.5,2.1,2.1,1.8,0.19,0.2,0.06,226,2.1,70,2.1,2.9,1.8,1.7,1.4,한세엠케이
510,016450,3,3.5,3,3.1,2.6,3.1,0.45,0.78,0.27,11,2.4,164,2,3.6,1.8,2.1,1.7,한세예스24홀딩스
511,009180,3,2.7,3.1,3,2.7,2.4,0.4,0.45,0.15,133,3.1,74,3.2,3.5,2.8,3.2,2.6,한솔로지스틱스
512,213500,2.9,2.8,3.1,3,2.8,2.3,0.35,0.37,0.1,218,3,97,2.8,3.1,2.8,2.8,2.4,한솔제지
513,004710,2.7,2.9,2.3,2.6,2.6,2.3,0.3,0.43,0.12,254,3,131,3.2,2.7,3,2.7,2.5,한솔테크닉스
514,010420,3,2.8,3.4,3.1,3,2.4,0.45,0.44,0.09,96,3,71,2.6,3.6,2.6,3.2,2.4,한솔PNS
515,025750,2.8,2.9,3,2.7,2.6,2.2,0.34,0.32,0.11,88,2.9,68,2.5,3.4,3,2.7,2.3,한솔홈데코
516,004960,2.3,2.3,1.9,2.1,2.1,1.8,0.17,0.16,0.1,267,2.3,222,3,2.1,2,2,1.6,한신공영
517,011700,2,1.8,1.8,1.9,2,1.6,0.11,0.11,0.03,116,2.7,3,2.7,3.3,1.7,4,2,한신기계
518,018880,3.4,3.8,3.6,3.2,2.9,2.3,0.56,0.31,0.3,383,2.8,340,2.9,3.7,2.8,2.8,1.6,한온시스템
519,009420,3.1,3.4,3,3,2.9,2.6,0.39,0.52,0.33,61,3.4,30,2.9,3.4,3.6,2.9,2.6,한올바이오파마
520,014130,2.7,2.7,2.5,2.3,2.8,2.3,0.35,0.37,0.15,221,3,141,3,2.8,2.9,2.5,2.2,한익스프레스
521,300720,2.9,3.3,2.4,2.3,2.6,2.4,0.3,0.3,0.14,76,3.1,141,2.8,3.2,3,2.6,2.4,한일시멘트
522,051600,3.9,4,3.9,3.4,3.8,3.2,0.74,0.68,0.34,1187,3.8,951,3.7,3.9,3.8,3.1,2.8,한전KPS
523,130660,3,2.7,3.6,3,2.7,2.2,0.4,0.24,0.11,499,3.1,301,2.6,3.7,2.7,2.8,2,한전산업
524,002320,2.8,2.3,3,2.6,2.9,2.2,0.28,0.32,0.17,556,2.7,336,2.9,2.9,2.2,2.3,2,한진
525,180640,4,4,4,3,4,3,1,1,1,1,2.7,3,2.3,2.7,3.7,2.3,2,한진칼
526,005110,1.8,1.7,2,1.9,2,1.6,0.05,0.24,0.14,63,1.7,6,1.7,2.3,2.3,1.8,2,한창
527,372910,1.8,1.9,2,1.7,2.2,1.8,0.19,0.34,0.13,117,1.7,39,1.9,2,1.8,1.6,1.6,한컴라이프케어
528,000880,3.1,3,3.4,3.5,3.1,2.2,0.34,0.32,0.15,1347,2.6,532,2.3,3.2,2.7,2.3,2,한화
529,272210,3.4,3.2,3.6,3.2,3,2.6,0.58,0.46,0.26,341,3.4,927,2.7,3.9,3.1,3.3,2.6,한화시스템
530,012450,3.1,3.2,3.3,3,2.9,2.2,0.38,0.41,0.17,400,2.5,305,2.3,3.1,2.1,2.4,1.8,한화에어로스페이스
531,042660,3.1,3,3.4,3.5,3.1,2.2,0.34,0.32,0.15,1347,2.7,913,2.7,3.9,1.9,3.3,1.7,한화오션
532,195870,3.4,3.8,2.6,3,3.2,2.9,0.53,0.62,0.56,257,3.4,218,3,3,3.7,3.1,2.9,해성디에스
533,101530,2.3,1.9,2.5,2.2,2.4,1.9,0.16,0.2,0.06,880,2.4,208,2.6,3.4,1.5,2,1.6,해태제과식품
534,143210,2.3,2.6,1.7,1.8,2.5,2,0.16,0.27,0.18,356,1.7,61,2,1.6,2.3,1.4,1.4,핸즈코퍼레이션
535,000720,3.3,3.7,2.6,2.8,2.9,2.7,0.54,0.54,0.26,1012,3.1,1214,3.5,2.7,3.1,2.6,2.4,현대건설
536,086280,3.1,3.6,3.1,2.9,2.8,2.5,0.52,0.51,0.32,534,3,611,2.5,3.3,3.2,2.9,2.2,현대글로비스
537,064350,3.1,3.4,3.1,2.7,2.5,2.4,0.44,0.44,0.19,537,3,431,2.7,3.5,2.8,2.6,2.1,현대로템
538,079430,2.8,3,2.9,2.7,2.5,2.3,0.35,0.38,0.21,469,3.1,339,2.9,3.4,3.4,2.8,2.2,현대리바트
539,012330,3.5,3.9,3.5,3,3,2.7,0.63,0.49,0.35,1216,3.3,2328,2.8,4.2,3.1,3.2,2.3,현대모비스
540,010620,3.2,3.4,3,2.6,3.2,2.5,0.42,0.43,0.22,253,2.5,319,2.6,2.4,2.5,2.1,1.9,현대미포조선
541,069960,3.2,3.5,2.8,2.9,2.7,2.7,0.5,0.56,0.18,1334,3,986,2.5,2.8,3.5,2.5,2.2,현대백화점
542,004560,2.8,3.2,2.7,2.3,2.7,2.3,0.35,0.38,0.11,110,3.5,45,3.5,3.5,3.4,2.8,2.2,현대비앤지스틸
543,017800,3,3.7,2.8,2.4,2.7,2.1,0.43,0.24,0.21,477,3.1,535,2.8,2.9,3.6,2.4,1.9,현대엘리베이
544,307950,3.4,3.6,3.7,3.4,2.9,2.5,0.63,0.3,0.29,702,3.2,1081,2.6,3.6,3.1,3.2,2.3,현대오토에버
545,011210,3,3.8,2.7,2.4,2.9,2.4,0.43,0.48,0.27,477,3.2,274,2.8,3.6,3.3,2.7,2.3,현대위아
546,005380,3.8,4.2,3.7,3.3,3,3.1,0.74,0.66,0.42,3483,2.8,6077,2.5,3.4,2.6,2.5,2.1,현대차
547,004020,2.9,3.6,2.7,2.3,2.6,2.3,0.41,0.37,0.2,1171,2.7,1044,2.3,3,2.9,2.2,1.8,현대제철
548,011760,2.7,3.2,3.1,2,2.5,2,0.23,0.38,0.08,13,3.2,135,3.2,3.5,3.6,2.7,2.3,현대코퍼레이션
549,126560,2.9,3.4,3.2,2.6,2.5,2.3,0.36,0.38,0.02,203,5,3,4.7,4.7,4.7,5,4.3,현대퓨처넷
550,057050,3.4,3.3,3.9,3.3,2.5,2.8,0.56,0.52,0.16,560,3.4,548,2.6,4.1,3.6,3.1,2.3,현대홈쇼핑
551,111110,2.7,2.5,3.1,2.2,2.8,2.5,0.4,0.5,0.18,117,3,55,2.6,4,2.3,2.5,2.5,호전실업
552,008770,3,3,2.8,2.8,2.5,2.7,0.43,0.64,0.25,1183,2.6,620,2.5,2.8,2.2,2.2,1.9,호텔신라
553,002460,3.1,2.6,2.8,3,3.1,2.7,0.41,0.61,0.25,73,2.8,62,3.1,2.5,2,2.6,2.3,화성산업
554,378850,2.8,3.4,2.7,2.3,2.7,2.3,0.33,0.3,0.16,180,2.4,134,2.3,3.1,3.3,2.1,1.7,화승알앤에이
555,241590,3.7,4.3,2.2,2.5,3.9,3.4,0.64,0.82,0.36,11,2.1,12,1.9,2.5,2.4,2.1,1.8,화승엔터프라이즈
556,006060,2.4,2.7,2.5,2.3,2.7,1.9,0.2,0.34,0.16,86,2.4,25,2.5,2.3,2.6,1.9,2.1,화승인더
557,013520,2.8,3.4,2.7,2.3,2.7,2.3,0.33,0.3,0.16,180,3,21,2.8,3.2,3.4,2.5,2.2,화승코퍼레이션
558,010690,3.3,3,3.3,3.3,3.1,3.1,0.53,0.72,0.14,254,3.1,144,3,3.5,2.6,3,2.6,화신
559,000850,2.8,3.3,2,2,2.8,2.1,0.36,0.36,0.13,72,2.4,98,2.5,2.5,3,1.9,1.7,화천기공
560,016580,2.4,2.5,2.1,2,2.5,2,0.2,0.27,0.14,376,2.2,249,2.4,2.2,2.2,1.8,1.8,환인제약
561,032560,2.1,2,1.8,1.9,2.4,1.9,0.21,0.23,0.23,82,2.4,30,2.3,2.2,2,1.8,1.8,황금에스티
562,004800,2.8,2.5,3.1,2.8,2.5,2.4,0.28,0.4,0.09,1168,2.1,1727,2.4,2.4,1.9,1.9,1.6,효성
563,094280,2.8,2.5,3.1,2.8,2.5,2.4,0.28,0.4,0.09,1168,2.1,1727,2.4,2.4,1.9,1.9,1.6,효성ITX
564,298040,2.6,2.6,2.7,2.6,2.6,2,0.26,0.22,0.06,499,2.6,145,2.9,2.8,2.4,2.5,2,효성중공업
565,298050,2.3,2.2,2.2,1.9,2.3,1.7,0.12,0.19,0.14,102,2.4,69,2.8,2.2,2.2,2.2,1.9,효성첨단소재
566,298020,2.4,2.2,2.9,2.2,2.5,1.8,0.22,0.25,0.07,133,2.5,117,2.7,3,2.2,2.1,1.8,효성티앤씨
567,298000,2.3,2,2.7,2.4,2.4,1.7,0.15,0.11,0.1,114,2.3,117,2.6,2.4,1.9,2.3,1.7,효성화학
568,093370,3.7,3.7,3.9,3.1,3.4,3.1,0.72,0.72,0.47,94,3.9,100,3.5,4,4,2.8,3,후성
569,081660,2.9,2.8,3,2.5,2.9,2.4,0.46,0.65,0.34,135,3.3,145,3.1,3.9,3,2.9,2.4,휠라홀딩스
570,079980,2.9,3.2,2.9,2.7,3,2.3,0.33,0.31,0.06,206,2.8,142,2.5,3,3,2.5,1.9,휴비스
571,005010,2.4,2.5,3,2.2,2.1,1.9,0.2,0.17,0.07,103,2.8,45,2.4,3.6,2.6,2.4,1.6,휴스틸
572,003280,2.5,2.3,2.3,2.2,2.9,2.2,0.26,0.34,0.13,86,2.6,5,2.4,2.8,2.6,2.4,2.6,흥아해운
573,007340,2.2,2.3,1.9,2,1.9,1.7,0.24,0.22,0.31,85,3.4,43,3.2,3.5,3.4,3.1,2.8,DN오토모티브
574,007700,2.8,3.1,2.5,2.7,2.9,2.4,0.41,0.6,0.42,335,3.1,349,3.2,2.9,3.4,2.9,2.5,F&F홀딩스
575,267270,2.7,2.9,3.1,2.4,2.7,2.2,0.39,0.35,0.16,194,2.8,278,2.7,3.1,2.6,2.4,2,HD현대건설기계
576,329180,2.9,2.9,3.1,2.6,2.9,2.2,0.31,0.3,0.14,1993,2.3,1242,2.2,3.1,2,2.1,1.7,HD현대중공업
577,097230,2.8,2.7,2.9,2.6,2.8,2,0.24,0.26,0.1,292,2.8,231,2.8,2.8,2.4,2.5,2,HJ중공업
578,060980,3.1,3.8,3.4,3.2,2.9,2.5,0.49,0.46,0.2,81,3.4,73,3,3.7,3.5,3.4,2.7,HL홀딩스
579,003570,2.3,2.2,2.9,2.3,2.5,1.7,0.11,0.25,0.11,47,3.1,22,3.2,3.6,2.1,2.9,2.7,SNT다이내믹스
580,100840,2.6,2.5,2.1,2.3,2.5,2.1,0.3,0.38,0.26,27,2.4,31,2.6,2.5,2.1,2,1.7,SNT에너지
581,037270,2.8,2.6,2.7,2.7,2.8,2.4,0.3,0.45,0.18,93,2.7,244,2.9,2.4,2.3,2.5,2,"YG PLUS"
582,052690,2.8,2.5,4,3,2.3,2.5,0.5,0.5,0.25,4,4.1,489,3.9,4.5,3.9,4.3,3,한전기술
583,000590,3,2,3,3,3,3,0,1,0,1,0,0,0,0,0,0,0,CS홀딩스
584,001940,0,0,0,0,0,0,0,0,0,0,0,0,0,0,0,0,0,KISCO홀딩스
585,092230,3,1,2,2,3,2,0,0,0,1,0,0,0,0,0,0,0,KPX홀딩스
586,023150,5,5,5,3,2,3,1,1,0,1,0,0,0,0,0,0,0,MH에탄올
587,024070,2,2.2,2.1,1.7,2.3,1.7,0.14,0.27,0,29,1.3,6,2,2.3,1.5,1.3,1.3,WISCOM
588,009140,1.8,1.8,4.3,2.3,2.3,1.3,0,0,0,4,0,0,0,0,0,0,0,경인전자
589,002140,2.2,2.7,2,1.8,2.7,1.7,0.14,0.21,0,21,3,2,3,2,3.5,2,2.5,고려산업
590,072710,0,0,0,0,0,0,0,0,0,0,0,0,0,0,0,0,0,농심홀딩스
591,084690,4,3.5,4.5,4,2.5,3.5,1,1,0,2,0,0,0,0,0,0,0,대상홀딩스
592,016710,2.4,1.9,4,2.6,1.9,2,0.1,0.25,0,20,0,0,0,0,0,0,0,대성홀딩스
593,030720,3,2.6,4,2.7,2.6,2.3,0.3,0.2,0,10,2.7,13,2.5,3.8,2.4,2.7,2.1,동원수산
594,004890,2.8,2.6,2.8,2.2,2.1,2.1,0.3,0.27,0,30,3.7,9,3.1,4.4,3.3,3.2,2.6,동일산업
595,204210,2.2,2.2,3.5,2.2,2.3,2,0,0.5,0.17,6,0,0,0,0,0,0,0,모두투어리츠
596,030790,3,2,4,3,2,1,0,0,0,1,0,0,0,0,0,0,0,비케이탑스
597,011230,2.3,1.7,2.8,2.5,2.7,1.9,0.13,0.23,0,32,2.5,94,2.7,3,2.7,2.1,2,삼화전자
598,014910,1.6,1.4,2.1,1.6,1.4,1.3,0,0.06,0,37,2,2,2,2.5,1.5,1.5,1,성문전자
599,134790,0,0,0,0,0,0,0,0,0,32,2,1,3,1,1,3,2,시디즈
600,025530,0,0,0,0,0,0,0,0,0,0,0,0,0,0,0,0,0,SJM홀딩스
601,034590,3.4,3.5,3.8,2.6,2.9,2.5,0.45,0.36,0,11,3.4,28,2.5,4.5,2.8,2.8,2.4,인천도시가스
602,000230,0,0,0,0,0,0,0,0,0,0,0,0,0,0,0,0,0,일동홀딩스
603,015860,2,1.3,2.5,1.5,2,1.7,0,0.2,0,6,2.2,5,2.6,2.4,2.2,2.4,2.2,일진홀딩스
604,001630,1.6,2.6,2.4,1.6,1.4,2.4,0,0.4,0,5,3.7,6,3.3,3.8,3.5,2.8,2.8,종근당홀딩스
605,088790,1.5,1.2,2.6,2,1.3,1.4,0,0.11,0,31,1.7,6,1.8,3,1.3,1.5,1.3,진도
606,100250,0,0,0,0,0,0,0,0,0,0,0,0,0,0,0,0,0,진양홀딩스
607,109070,2.9,1.6,3.5,2.6,2.3,2.4,0,0.45,0,11,2.3,3,2.7,3,1.3,2.3,2.3,컨버즈
608,006890,3.4,3.6,3,2.6,3,2.6,0.2,0.2,0,5,2.3,3,2.3,2.7,3,1.7,1.3,태경케미컬
609,000140,3,3.7,4,2.3,3,2,0.67,0,0.33,6,0,0,0,0,0,0,0,하이트진로홀딩스
610,004150,0,0,0,0,0,0,0,0,0,0,1,1,1,1,1,2,1,한솔홀딩스
611,003480,2,2,2.3,2.3,2.3,1.5,0.5,0,0,4,2.8,231,2.8,2.8,2.4,2.5,2,한진중공업홀딩스
612,227840,3,3.6,3.6,2.6,3,2,0.2,0.6,0,5,0,0,0,0,0,0,0,현대코퍼레이션홀딩스
613,000990,3,3.3,2.9,2.7,2.9,2.3,0.45,0.38,0.38,459,3.1,362,3.4,3.2,2.9,2.6,2.3,DB하이텍
614,079550,3.6,3.7,3.5,3.6,3.4,2.7,0.64,0.55,0.3,409,3.7,930,3,3.7,3.5,3.7,2.7,LIG넥스원
615,017670,4,4.4,3.9,3.9,3.3,3.3,0.81,0.66,0.34,991,3.7,1420,2.8,4.2,4.2,3.6,2.7,SK텔레콤
616,000270,4,4.3,3.9,3.5,3.4,3.2,0.8,0.71,0.48,1082,3.6,1271,3,3.9,3.3,3,2.7,기아
617,020120,3,3.2,3.4,3,2.7,2.5,0.47,0.45,0.35,84,3.5,108,3.3,3.7,3.3,3.3,2.8,키다리스튜디오
618,103140,3.5,3.8,3.2,2.8,3,2.6,0.67,0.52,0.16,326,3.4,219,2.7,3.4,3.6,2.5,2.3,풍산
619,352820,2.7,3.2,2.1,2.4,2.5,2.2,0.33,0.53,0.35,219,3.1,572,3,2.5,3.3,2.8,2.4,하이브
620,014680,3.5,3.6,3.3,3.1,3.3,2.9,0.63,0.59,0.66,150,3.5,272,3.3,3.5,3.6,3.1,2.7,한솔케미칼
621,014790,2.5,2.5,3.5,2.5,2.5,1.5,0,0,0,2,3.5,119,3.1,3.7,3.5,3.3,2.8,"HL D&I"
622,003580,1,1,2.5,1,1.5,1,0,0,0,2,4,2,3,3,2.5,2.5,2,HLB글로벌
623,036530,2,3,3,1,1,1,1,0,0,1,0,0,0,0,0,0,0,SNT홀딩스
624,118000,2.7,2.3,3,3,2.3,3,0,1,0.33,3,0,0,0,0,0,0,0,더메디팜
625,145720,3.4,3.8,2.7,3.3,3.5,2.9,0.67,0.59,0.71,704,2.3,288,2.7,1.8,2.8,1.9,1.7,덴티움
626,107590,3,3.3,2.6,2.6,2.6,2.7,0.47,0.59,0.47,193,3.7,26,3.6,3.5,3.5,3.3,3.3,미원홀딩스
627,003030,3.4,3.8,3,2.8,3.3,3.3,0.65,0.76,0.26,106,4,126,3.7,3.9,4,3.4,3.9,세아제강지주
628,015540,2.1,1.9,2.3,2,1.9,1.6,0.13,0,0,8,2.5,2,2,4,2,2.5,2,쎌마테라퓨틱스
629,308170,3,2.8,3.1,3.4,2.6,2.7,0.34,0.51,0.22,66,3,311,2.7,3.8,2.3,3.5,2.7,씨티알모빌리티
630,002620,2.6,2.7,2.8,2.3,2.4,2,0.28,0.24,0.11,815,2.7,497,2.7,3.2,2.8,2.3,1.8,제일파마홀딩스
631,036420,2.5,2.1,2.2,2.6,2.2,2.1,0.26,0.32,0.06,125,3.1,19,2.7,3.6,2.4,2.9,2.5,콘텐트리중앙
632,363280,3.1,3.3,2.7,2.4,2.7,2.5,0.49,0.38,0.26,193,3.1,298,3.1,2.7,3.3,2.2,2.2,티와이홀딩스
633,003300,2.9,3.3,2.4,2.3,2.6,2.4,0.3,0.3,0.14,76,3.1,141,2.8,3.2,3,2.6,2.4,한일홀딩스
634,005440,2.8,3.2,2.7,2.5,2.4,2.3,0.38,0.39,0.14,727,2.7,494,2.5,2.6,3.3,2.1,1.9,현대지에프홀딩스
635,013570,3.5,3.6,3.2,3.5,3.2,3.5,0.66,0.71,0.31,80,3,151,3,3.2,2.6,2.8,2.4,디와이
636,383800,0,0,0,0,0,0,0,0,0,0,0,0,0,0,0,0,0,LX홀딩스
