company_name,2018,2019,2020,2021,2022
AJ네트웍스,"46,822,295","46,822,295","46,822,295","46,822,295","46,822,295"
AK홀딩스,"13,247,561","13,247,561","13,247,561","13,247,561","13,247,561"
BGF,"95,369,179","95,716,791","95,716,791","95,716,791","95,716,791"
BGF리테일,"17,283,906","17,283,906","17,283,906","17,283,906","17,283,906"
BNK금융지주,"325,935,246","325,935,246","325,935,246","325,935,246","325,935,246"
BYC,"624,615","624,615","624,615","624,615","624,615"
CJ,"29,176,998","29,176,998","29,176,998","29,176,998","29,176,998"
"CJ CGV","21,161,313","21,161,313","35,100,000","40,806,712","47,721,778"
CJ대한통운,"22,812,344","22,812,344","22,812,344","22,812,344","22,812,344"
CJ씨푸드,"35,931,000","35,931,000","35,931,000","35,931,000","35,931,000"
CJ제일제당,"15,054,186","15,054,186","15,054,186","15,054,186","15,054,186"
CS홀딩스,"1,154,482","1,154,482","1,154,482","1,154,482","1,154,482"
DB,"201,173,933","201,173,933","201,173,933","201,173,933","201,173,933"
DB금융투자,"42,446,389","42,446,389","42,446,389","42,446,389","42,446,389"
DB손해보험,"70,800,000","70,800,000","70,800,000","70,800,000","70,800,000"
DB하이텍,"44,398,588","44,398,588","44,398,588","44,398,588","44,398,588"
DGB금융지주,"169,145,833","169,145,833","169,145,833","169,145,833","169,145,833"
DL,"34,800,000","34,800,000","34,800,000","20,955,884","20,955,884"
DL건설,"15,179,766","15,179,766","22,053,284","22,053,284","22,053,284"
DL이앤씨,NULL,NULL,NULL,"19,358,738","38,693,623"
DN오토모티브,"9,994,005","9,994,005","9,994,005","9,994,005","9,994,005"
DRB동일,"19,480,000","19,930,000","19,930,000","19,930,000","19,930,000"
DSR,"16,000,000","16,000,000","16,000,000","16,000,000","16,000,000"
DSR제강,"14,400,000","14,400,000","14,400,000","14,400,000","14,400,000"
E1,"6,860,000","6,860,000","6,860,000","6,860,000","6,860,000"
ESR켄달스퀘어리츠,NULL,NULL,"48,200,000","143,259,000","213,089,000"
F&F,NULL,NULL,NULL,"7,661,415","38,307,075"
"F&F 홀딩스","15,400,000","15,400,000","15,400,000","39,114,367","39,114,367"
GKL,"61,855,670","61,855,670","61,855,670","61,855,670","61,855,670"
GS,"92,915,378","92,915,378","92,915,378","92,915,378","92,915,378"
GS건설,"79,435,797","80,097,804","80,708,203","85,581,490","85,581,490"
GS글로벌,"82,533,764","82,533,764","82,533,764","82,533,764","82,533,764"
GS리테일,"77,000,000","77,000,000","77,000,000","104,717,922","104,717,922"
HDC,"59,741,721","59,741,721","59,741,721","59,741,721","59,741,721"
HDC랩스,"16,460,000","16,460,000","16,460,000","25,957,601","25,957,601"
HDC현대EP,"31,900,000","31,900,000","31,900,000","31,900,000","31,900,000"
HDC현대산업개발,"43,938,220","43,938,220","65,907,330","65,907,330","65,907,330"
HD한국조선해양,"70,773,116","70,773,116","70,773,116","70,773,116","70,773,116"
HD현대,"16,286,617","16,286,617","15,798,617","78,993,085","78,993,085"
HD현대건설기계,"19,700,793","19,700,793","19,700,793","19,700,793","19,700,793"
HD현대에너지솔루션,NULL,"11,200,000","11,200,000","11,200,000","11,200,000"
HD현대인프라코어,"208,158,077","208,161,279","215,931,625","197,434,567","197,763,411"
HD현대일렉트릭,"20,357,135","36,047,135","36,047,135","36,047,135","36,047,135"
HD현대중공업,NULL,NULL,"70,773,116","88,773,116","88,773,116"
HJ중공업,"106,052,508","83,274,281","83,274,281","83,274,281","83,274,281"
"HL D&I","38,874,942","38,874,942","38,874,942","37,858,601","37,858,601"
HLB글로벌,"22,510,021","28,434,137","32,699,622","42,065,837","42,367,042"
HL만도,"46,957,120","46,957,120","46,957,120","46,957,120","46,957,120"
HL홀딩스,"10,802,691","10,472,070","10,472,070","10,472,070","10,472,070"
HMM,"313,805,827","316,552,195","326,726,323","489,039,496","489,039,496"
HSD엔진,"32,947,142","32,947,142","32,947,142","46,721,246","71,543,994"
JB금융지주,"196,982,894","196,982,894","196,982,894","196,982,894","196,982,894"
JW생명과학,"15,834,554","15,834,554","15,834,554","15,834,554","15,834,554"
JW중외제약,"19,805,460","20,318,022","20,920,054","21,539,926","22,178,081"
JW홀딩스,"63,258,557","64,520,904","66,452,155","68,441,182","70,444,706"
KB금융,"418,111,537","415,807,920","415,807,920","415,807,920","408,897,068"
KC그린홀딩스,"22,434,980","22,434,980","22,434,980","22,434,980","22,434,980"
KC코트렐,"13,000,000","13,000,000","13,000,000","17,600,000","34,600,456"
KEC,"112,451,621","116,706,940","116,706,940","144,748,141","144,763,141"
KG모빌리티,"137,949,396","149,840,002","149,840,002","149,840,002","186,956,024"
KG스틸,"27,233,424","100,008,897","100,008,897","100,008,897","100,008,897"
KG케미칼,"12,455,526","13,013,232","13,013,232","13,866,096","13,866,096"
"KH 필룩스","53,826,895","81,092,012","90,043,128","136,730,264","171,301,102"
KISCO홀딩스,"18,476,380","18,476,380","18,476,380","18,476,380","16,176,380"
KPX케미칼,"4,840,000","4,840,000","4,840,000","4,840,000","4,840,000"
KPX홀딩스,"4,224,646","4,224,646","4,224,646","4,224,646","4,224,646"
KR모터스,"189,444,075","189,444,075","91,661,018","96,137,368","96,138,465"
KSS해운,"23,185,880","23,185,880","23,185,880","23,185,880","23,085,880"
KTcs,"42,685,000","42,685,000","42,685,000","42,685,000","42,685,000"
KTis,"34,802,000","34,802,000","34,802,000","34,802,000","34,802,000"
LF,"29,240,000","29,240,000","29,240,000","29,240,000","29,240,000"
LG,"172,557,131","172,557,131","172,557,131","157,300,993","157,300,993"
LG디스플레이,"357,815,700","357,815,700","357,815,700","357,815,700","357,815,700"
LG생활건강,"15,618,197","15,618,197","15,618,197","15,618,197","15,618,197"
LG에너지솔루션,NULL,NULL,"200,000,000","200,000,000","234,000,000"
LG유플러스,"436,611,361","436,611,361","436,611,361","436,611,361","436,611,361"
LG이노텍,"23,667,107","23,667,107","23,667,107","23,667,107","23,667,107"
LG전자,"163,647,814","163,647,814","163,647,814","163,647,814","163,647,814"
LG헬로비전,"77,446,865","77,446,865","77,446,865","77,446,865","77,446,865"
LG화학,"70,592,343","70,592,343","70,592,343","70,592,343","70,592,343"
LIG넥스원,"22,000,000","22,000,000","22,000,000","22,000,000","22,000,000"
LS,"32,200,000","32,200,000","32,200,000","32,200,000","32,200,000"
LS네트웍스,"78,803,016","78,803,016","78,803,016","78,803,016","78,803,016"
LS전선아시아,"30,624,879","30,624,879","30,624,879","30,624,879","30,624,879"
LX세미콘,"16,264,300","16,264,300","16,264,300","16,264,300","16,264,300"
LX인터내셔널,"38,760,000","38,760,000","38,760,000","38,760,000","38,760,000"
LX하우시스,"8,967,670","8,967,670","8,967,670","8,967,670","8,967,670"
LX홀딩스,NULL,NULL,NULL,"76,280,690","76,280,690"
MH에탄올,"7,378,526","7,378,526","7,378,526","7,378,526","7,378,526"
NAVER,"164,813,395","164,813,395","164,263,395","164,049,085","164,049,085"
NH올원리츠,NULL,NULL,NULL,"42,200,000","42,200,000"
NH투자증권,"281,408,887","281,408,887","281,408,887","297,033,887","331,665,921"
NH프라임리츠,NULL,"18,660,000","18,660,000","18,660,000","18,660,000"
NICE,"37,882,300","37,882,300","37,882,300","37,882,300","37,882,300"
NI스틸,"28,600,117","28,600,117","28,600,117","28,600,117","28,600,117"
OCI홀딩스,"23,849,371","23,849,371","23,849,371","23,849,371","23,849,371"
PI첨단소재,"29,366,322","29,366,322","29,366,322","29,366,322","29,366,322"
POSCO홀딩스,"87,186,835","87,186,835","87,186,835","87,186,835","84,571,230"
S-Oil,"112,582,792","112,582,792","112,582,792","112,582,792","112,582,792"
SBS,"18,252,582","18,252,582","18,252,582","18,252,582","18,252,582"
SGC에너지,"4,854,418","4,854,418","14,677,004","14,677,004","14,677,004"
SG글로벌,"44,964,143","44,964,143","44,964,143","44,964,143","44,964,143"
SG세계물산,"202,424,960","202,424,960","202,424,960","202,424,960","202,424,960"
SHD,"1,214,878","1,214,878","1,214,878","1,214,878","1,214,878"
SH에너지화학,"111,133,730","111,133,730","111,133,730","111,133,730","111,133,730"
SIMPAC,"65,429,516","65,429,516","65,429,516","65,429,516","65,429,516"
SK,"70,360,297","70,360,297","70,360,297","74,149,329","74,149,329"
SKC,"37,534,555","37,534,555","37,868,298","37,868,298","37,868,298"
SK가스,"9,054,167","9,141,781","9,230,244","9,230,244","9,230,244"
SK네트웍스,"248,187,647","248,187,647","248,187,647","248,187,647","248,187,647"
SK디스커버리,"19,037,855","19,037,855","19,037,855","19,037,855","19,037,855"
SK디앤디,"18,990,164","18,990,164","18,990,164","22,190,164","22,190,164"
SK렌터카,"22,146,300","22,146,300","47,285,840","47,285,840","47,285,840"
SK리츠,NULL,NULL,NULL,"155,020,532","196,554,079"
SK바이오사이언스,"2,040,000","2,040,000","61,200,000","76,500,000","76,784,046"
SK스퀘어,NULL,NULL,NULL,"141,467,571","141,467,571"
SK아이이테크놀로지,NULL,NULL,NULL,"71,297,592","71,297,592"
SK오션플랜트,"26,425,409","27,863,420","35,092,674","36,574,368","53,235,012"
SK이노베이션,"92,465,564","92,465,564","92,465,564","92,465,564","92,465,564"
SK증권,"472,590,171","472,590,171","472,590,171","472,590,171","472,590,171"
SK케미칼,"11,579,852","11,741,396","11,741,396","17,620,780","17,253,783"
SK텔레콤,"80,745,711","80,745,711","80,745,711","218,833,144","218,833,144"
SK하이닉스,"728,002,365","728,002,365","728,002,365","728,002,365","728,002,365"
SNT다이내믹스,"32,473,439","33,252,697","33,252,697","33,252,697","33,252,697"
SNT모티브,"14,623,136","14,623,136","14,623,136","14,623,136","14,623,136"
SNT에너지,"7,297,150","7,506,711","7,506,711","7,506,711","7,506,711"
SNT홀딩스,"16,303,886","16,303,886","16,303,886","16,303,886","16,303,886"
SPC삼립,"8,629,009","8,629,009","8,629,009","8,629,009","8,629,009"
STX,"19,726,902","19,726,902","19,726,902","28,621,454","28,621,454"
STX엔진,"23,008,904","23,008,904","23,008,904","23,008,904","23,008,904"
STX중공업,"28,081,731","28,081,731","28,365,976","28,365,976","28,381,042"
SUN&L,"12,607,989","12,607,989","12,607,989","12,607,989","12,607,989"
TCC스틸,"22,342,500","22,342,500","23,000,000","23,500,000","25,386,019"
TYM,"65,388,900","126,004,610","134,954,490","151,529,572","152,353,747"
WISCOM,"15,025,920","15,326,438","15,326,438","15,326,438","15,326,438"
"YG PLUS","58,170,704","58,170,704","59,496,045","63,429,410","63,429,410"
가온전선,"4,160,347","4,160,347","4,160,347","4,160,347","6,358,926"
강남제비스코,"6,500,000","6,500,000","6,500,000","6,500,000","6,500,000"
강원랜드,"213,940,500","213,940,500","213,940,500","213,940,500","213,940,500"
갤럭시아에스엠,"27,549,644","27,549,644","27,549,644","27,549,644","27,549,644"
경농,"21,691,750","21,691,750","21,691,750","19,522,575","19,522,575"
경동나비엔,"12,739,510","12,739,510","13,604,730","14,568,592","14,568,592"
경동도시가스,"4,717,063","5,895,406","5,895,406","5,895,406","5,895,406"
경동인베스트,"2,365,023","2,365,023","2,365,023","2,365,023","2,365,023"
경방,"27,415,270","27,415,270","27,415,270","27,415,270","27,415,270"
경보제약,"23,906,860","23,906,860","23,906,860","23,906,860","23,906,860"
경인양행,"40,396,365","40,786,365","41,276,365","41,576,365","41,616,365"
경인전자,"1,570,797","1,570,797","1,570,797","1,570,797","1,570,797"
계룡건설산업,"8,930,907","8,930,907","8,930,907","8,930,907","8,930,907"
계양전기,"32,600,000","32,600,000","32,600,000","32,600,000","32,600,000"
고려산업,"24,939,425","24,939,425","24,939,425","24,939,425","24,939,425"
고려아연,"18,870,000","18,870,000","18,870,000","18,870,000","19,863,158"
고려제강,"20,000,000","20,000,000","20,000,000","23,000,000","23,000,000"
광동제약,"52,420,851","52,420,851","52,420,851","52,420,851","52,420,851"
광명전기,"43,337,615","43,337,615","43,337,615","43,337,615","43,337,615"
광전자,"57,943,763","57,943,763","57,943,763","57,943,763","57,943,763"
광주신세계,"1,600,000","1,600,000","1,600,000","1,600,000","8,000,000"
교보증권,"36,000,000","36,000,000","64,653,296","64,653,296","64,653,296"
교촌에프앤비,NULL,NULL,"24,982,540","24,982,540","24,982,540"
국도화학,"5,810,616","5,810,616","5,810,616","9,010,616","9,010,616"
국동,"13,740,480","27,596,156","38,845,864","54,962,976","55,717,048"
국보,"1,682,304","23,966,505","49,376,445","65,408,729","104,570,331"
국제약품,"18,057,107","18,400,520","18,400,520","19,276,090","20,195,149"
그린케미칼,"20,000,000","24,000,000","24,000,000","24,000,000","24,000,000"
극동유화,"34,869,420","34,869,420","34,869,420","34,869,420","34,869,420"
금강공업,"4,855,964","24,421,719","26,682,886","29,329,357","29,329,357"
금비,"1,000,000","1,000,000","1,000,000","1,000,000","1,000,000"
금양,"43,226,540","44,048,135","44,048,135","48,806,004","58,050,037"
금호건설,"36,035,349","36,035,349","36,633,924","36,633,924","36,953,595"
금호석유화학,"30,467,691","30,467,691","30,467,691","30,295,844","29,314,312"
금호에이치티,"15,831,019","23,608,582","117,904,727","196,541,594","196,140,969"
금호전기,"6,976,569","10,266,660","11,981,820","19,804,181","27,554,191"
금호타이어,"287,260,287","287,260,287","287,260,287","287,260,287","287,260,287"
기신정기,"29,200,000","29,200,000","29,200,000","29,200,000","29,200,000"
기아,"405,363,347","405,363,347","405,363,347","405,363,347","405,363,347"
기업은행,"559,978,815","577,156,979","738,664,360","744,300,587","797,425,869"
까뮤이앤씨,"45,152,280","45,152,280","45,152,280","45,152,280","45,152,280"
깨끗한나라,"37,240,693","37,240,693","37,240,693","37,240,693","37,240,693"
남광토건,"9,827,396","9,828,611","9,828,901","9,829,014","9,829,014"
남선알미늄,"110,179,090","110,179,090","110,179,090","110,179,090","129,079,090"
남성,"36,212,160","36,212,160","36,212,160","36,212,160","36,212,160"
남양유업,"720,000","720,000","720,000","720,000","720,000"
남해화학,"49,678,843","49,678,843","49,678,843","49,678,843","49,678,843"
넥센,"53,543,977","53,543,977","53,543,977","53,543,977","53,543,977"
넥센타이어,"97,667,877","97,667,877","97,667,877","97,667,877","97,667,877"
넷마블,"85,265,865","85,744,564","85,845,303","85,953,502","85,953,502"
노루페인트,"20,000,000","20,000,000","20,000,000","20,000,000","20,000,000"
노루홀딩스,"13,291,151","13,291,151","13,291,151","13,291,151","13,291,151"
녹십자,"11,686,538","11,686,538","11,686,538","11,686,538","11,686,538"
녹십자홀딩스,"47,028,210","47,028,210","47,028,210","47,028,210","47,028,210"
농심,-,-,-,-,-
농심홀딩스,"4,637,790","4,637,790","4,637,790","4,637,790","4,637,790"
다스코,"15,400,000","15,400,000","15,400,000","16,876,561","19,396,941"
다올투자증권,"60,314,092","60,314,092","60,314,092","60,314,092","60,314,092"
다우기술,"44,866,617","44,866,617","44,866,617","44,866,617","44,866,617"
다이나믹디자인,"29,402,067","29,402,067","151,569,422","158,289,246","13,941,052"
대교,"84,702,850","84,702,850","84,702,850","84,702,850","84,702,850"
대구백화점,"10,821,611","10,821,611","10,821,611","10,821,611","10,821,611"
대덕,"78,006,972","78,006,972","33,890,150","33,890,150","33,890,150"
대덕전자,NULL,NULL,"49,416,925","49,416,925","49,416,925"
대동,"23,728,210","23,728,210","23,728,210","23,728,210","23,932,354"
대동전자,"10,490,447","10,490,447","10,490,447","10,490,447","10,490,447"
대림비앤코,"16,672,240","16,672,240","16,672,240","16,672,240","16,672,240"
대림통상,"15,225,000","15,225,000","15,225,000","15,225,000","15,225,000"
대상,"34,648,025","34,648,025","34,648,025","34,648,025","34,648,025"
대상홀딩스,"36,212,538","36,212,538","36,212,538","36,212,538","36,212,538"
대성산업,"45,235,478","45,235,478","45,235,478","45,235,478","45,235,478"
대성에너지,"27,500,000","27,500,000","27,500,000","27,500,000","27,500,000"
대성홀딩스,"16,089,459","16,089,459","16,089,459","16,089,459","16,089,459"
대신증권,"50,773,400","50,773,400","50,773,400","50,773,400","50,773,400"
대양금속,"12,317,933","21,039,932","29,565,939","32,168,164","33,362,343"
대영포장,"108,394,549","108,394,549","108,394,549","108,394,549","108,394,549"
대우건설,"415,622,638","415,622,638","415,622,638","415,622,638","415,622,638"
대우부품,"47,646,375","47,646,375","47,646,375","47,646,375","47,646,375"
대웅,"58,141,980","58,141,980","58,141,980","58,141,980","58,141,980"
대웅제약,"11,586,575","11,586,575","11,586,575","11,586,575","11,586,575"
대원강업,"62,000,000","62,000,000","62,000,000","62,000,000","62,000,000"
대원전선,"68,107,171","68,107,171","71,016,967","71,016,967","71,964,534"
대원제약,"19,098,606","19,662,677","20,243,603","21,224,823","21,964,670"
대원화성,"41,249,152","41,249,152","41,249,152","41,249,152","41,249,152"
대유에이텍,"103,311,545","106,915,987","106,915,987","115,094,114","115,341,128"
대유플러스,"100,682,460","106,626,749","116,662,887","120,998,774","120,998,774"
대창,"91,140,499","91,140,499","91,140,499","91,140,499","91,140,499"
대창단조,"2,000,000","2,857,223","14,286,115","14,286,115","28,572,230"
대한방직,"5,300,000","5,300,000","5,300,000","5,300,000","5,300,000"
대한유화,"6,500,000","6,500,000","6,500,000","6,500,000","6,500,000"
대한전선,"856,473,009","856,473,009","856,473,009","856,473,009","1,244,473,009"
대한제강,"24,646,734","24,646,734","24,646,734","24,646,734","24,646,734"
대한제당,"8,840,002","8,840,002","8,969,658","89,696,580","89,696,580"
대한제분,"1,690,000","1,690,000","1,690,000","1,690,000","1,690,000"
대한항공,"94,844,634","94,844,634","174,209,713","347,820,825","368,220,661"
대한해운,"24,426,504","24,426,504","244,271,090","319,177,460","319,177,460"
대한화섬,"1,328,000","1,328,000","1,328,000","1,328,000","1,328,000"
대현,"44,282,310","44,282,310","44,282,310","44,282,310","44,282,310"
대호에이엘,"27,134,839","27,134,839","27,134,839","23,400,297","1,468,383"
더메디팜,"24,298,019","35,131,699","50,399,433","81,323,413","106,987,815"
더블유게임즈,"18,247,298","18,260,502","18,374,502","18,374,502","18,374,502"
더존비즈온,"29,672,700","29,672,700","30,118,007","30,382,784","30,382,784"
덕성,"15,680,000","15,680,000","15,680,000","15,680,000","15,680,000"
덕양산업,"32,564,980","32,564,980","32,564,980","32,564,980","32,564,980"
덴티움,"11,068,830","11,068,830","11,068,830","11,068,830","11,068,830"
도화엔지니어링,"33,720,000","33,720,000","33,720,000","33,720,000","33,720,000"
동국홀딩스,"95,432,737","95,432,737","95,432,737","95,432,737","95,432,737"
동남합성,"1,320,922","3,621,788","3,610,000","3,610,000","3,610,000"
동방,"33,465,588","33,465,588","39,646,458","47,971,766","47,971,766"
동방아그로,"13,617,577","13,617,577","13,617,577","13,617,577","13,617,577"
동부건설,"20,867,152","21,824,400","22,702,024","22,738,844","22,906,975"
동서,"99,700,000","99,700,000","99,700,000","99,700,000","99,700,000"
동성제약,"24,756,574","26,070,748","26,100,970","26,100,970","26,100,970"
동성케미컬,"45,444,970","45,444,970","43,993,012","49,689,728","49,689,728"
동아쏘시오홀딩스,"6,138,294","6,138,297","6,155,346","6,348,802","6,348,913"
동아에스티,"8,443,868","8,443,868","8,443,868","8,446,325","8,446,588"
동아지질,"11,500,000","11,500,000","11,500,000","11,500,000","14,052,646"
동아타이어,"13,733,015","13,733,015","13,733,015","13,733,015","13,733,015"
동양,"238,684,063","238,684,063","238,684,063","238,684,063","238,684,063"
동양고속,"2,895,569","2,895,569","2,895,569","2,895,569","2,895,569"
동양생명,"161,358,585","161,358,585,000,000","161,358,585","161,358,585","161,358,585"
동양철관,"118,885,290","118,885,290","118,885,290","118,885,290","118,885,290"
동양피스톤,"13,168,460","13,168,460","13,168,460","13,168,460","13,168,460"
동원F&B,"3,859,124","3,859,124","3,859,124","3,859,124","3,859,124"
동원금속,"46,754,933","46,754,933","46,754,933","46,754,933","46,754,933"
동원산업,"3,363,200","3,677,641","3,677,641","3,677,641","49,982,665"
동원수산,"4,653,805","4,653,805","4,653,805","4,653,805","4,653,805"
동원시스템즈,"25,618,511","25,618,511","25,618,511","29,188,411","28,991,282"
동일고무벨트,"13,000,000","13,350,000","13,650,000","13,900,000","13,900,000"
동일산업,"2,425,215","2,425,215","2,425,215","2,425,215","2,425,215"
동일제강,"15,000,000","15,000,000","15,000,000","20,300,360","20,300,360"
동화약품,"27,931,470","27,931,470","27,931,470","27,931,470","27,931,470"
두산,"18,238,102","16,523,835","16,523,835","16,523,835","16,523,835"
두산밥캣,"100,249,166","100,249,166","100,249,166","100,249,166","100,249,166"
두산에너빌리티,"117,146,803","202,146,875","374,637,255","522,220,786","638,308,033"
두산퓨얼셀,NULL,"55,493,726","65,493,726","65,493,726","65,493,726"
두올,"27,066,680","27,066,680","27,066,680","33,066,680","33,066,680"
드림텍,"25,152,800","61,065,117","65,862,985","65,343,271","67,405,497"
디씨엠,"11,700,000","11,700,000","11,700,000","11,700,000","11,400,000"
디아이,"31,496,785","31,496,785","31,496,785","31,496,785","28,300,000"
디아이동일,"2,378,309","2,421,420","2,465,609","2,510,655","25,568,270"
디아이씨,"22,467,410","38,888,569","38,888,569","38,888,569","38,888,569"
디앤디플랫폼리츠,NULL,NULL,NULL,"64,400,000","64,400,000"
디와이,"26,319,633","26,319,633","26,319,633","26,319,633","26,319,633"
디와이파워,"11,041,708","11,041,708","11,041,708","11,041,708","11,041,708"
락앤락,"54,186,600","54,186,600","53,007,638","51,550,414","50,200,444"
롯데관광개발,"65,163,174","69,275,662","69,275,662","69,275,662","72,966,610"
롯데렌탈,"11,769,200","11,769,200","11,769,200","36,634,063","36,634,063"
롯데리츠,NULL,"171,968,884","171,968,884","242,968,884","242,968,884"
롯데손해보험,"134,280,000","310,336,320","310,336,320","310,336,320","310,336,320"
롯데쇼핑,"28,288,755","28,288,755","28,288,755","28,288,755","28,288,755"
롯데에너지머티리얼즈,"46,110,835","46,110,835","46,110,835","46,110,835","46,110,835"
롯데웰푸드,"6,416,717","6,416,717","6,416,717","6,416,717","9,434,574"
롯데정밀화학,"25,800,000","25,800,000","25,800,000","25,800,000","25,800,000"
롯데정보통신,"14,286,000","15,396,331","15,396,331","15,396,331","15,396,331"
롯데지주,"104,909,237","104,909,237","104,909,237","104,909,237","104,909,237"
롯데칠성음료,"799,346","7,993,460","8,975,123","9,278,884","9,278,884"
롯데케미칼,"34,275,419","34,275,419","34,275,419","34,275,419","34,275,419"
롯데하이마트,"23,607,712","23,607,712","23,607,712","23,607,712","23,607,712"
마니커,"158,472,594","158,472,594","198,472,594","63,511,228","63,511,228"
마스턴프리미어리츠,NULL,NULL,NULL,NULL,"26,580,000"
만호제강,"4,150,000","4,150,000","4,150,000","4,150,000","4,150,000"
메리츠금융지주,"140,224,314","140,224,314","134,011,294","134,011,294","127,571,822"
메타랩스,"44,549,792","52,308,986","63,689,937","73,938,653","24,904,689"
명문제약,"24,540,000","24,540,000","33,953,454","33,953,454","33,953,454"
명신산업,NULL,NULL,"40,779,120","52,470,133","52,470,133"
모나리자,"36,571,255","36,571,255","36,571,255","36,571,255","36,571,255"
모나미,"18,897,307","18,897,307","18,897,307","18,897,307","18,897,307"
모두투어리츠,"7,826,815","7,826,815","7,826,815","7,826,815","7,826,815"
모토닉,"33,000,000","33,000,000","33,000,000","33,000,000","33,000,000"
무림P&P,"62,368,324","62,368,324","62,368,324","62,368,324","62,368,324"
무림페이퍼,"41,609,310","41,609,310","41,609,310","41,609,310","41,609,310"
무학,"28,500,000","28,500,000","28,500,000","28,500,000","28,500,000"
문배철강,"20,503,505","20,503,505","20,503,505","20,503,505","20,503,505"
미래산업,"634,818,400","843,218,400","18,662,929","4,452,007","4,452,007"
미래아이앤지,"103,587,319","129,484,148","129,484,148","129,484,148","139,417,924"
미래에셋글로벌리츠,NULL,NULL,NULL,NULL,"29,060,000"
미래에셋맵스리츠,NULL,NULL,"20,100,000","20,100,000","20,100,000"
미래에셋생명,"177,016,189","177,016,189","177,016,189","177,016,189","177,016,189"
미래에셋증권,"658,316,408","658,316,408","645,316,408","635,316,408","615,316,408"
미원상사,"774,940","5,088,000","4,970,000","4,970,000","4,850,000"
미원에스씨,"5,221,276","5,267,891","5,100,000","5,100,000","5,100,000"
미원홀딩스,"2,331,774","2,331,774","2,320,000","2,320,000","2,320,000"
미원화학,"2,189,904","2,199,268","2,199,268","2,199,268","2,199,268"
미창석유공업,"1,739,672","1,739,672","1,739,672","1,739,672","1,739,672"
바다로19호,"15,200,004","15,200,004","15,200,004","15,200,004","15,200,004"
바이오노트,NULL,NULL,"5,847,253","93,556,048","101,876,048"
방림,"4,231,409","42,314,090","42,314,090","42,314,090","42,314,090"
백광산업,"44,918,407","44,918,407","44,918,407","44,918,407","44,918,407"
백산,"24,200,000","24,200,000","24,200,000","24,200,000","23,405,000"
범양건영,"24,831,812","24,831,812","24,831,982","24,831,982","24,831,982"
벽산,"68,560,000","68,560,000","68,560,000","68,560,000","68,560,000"
보락,"59,900,000","59,900,000","59,900,000","59,900,000","59,900,000"
보령,"44,200,000","44,200,000","47,620,000","68,690,000","68,690,000"
보해양조,"96,570,546","126,018,258","127,449,373","138,014,479","139,120,129"
부광약품,"48,870,283","63,531,367","64,837,978","71,063,049","71,063,049"
부국증권,"10,369,886","10,369,886","10,369,886","10,369,886","10,369,886"
부국철강,"20,000,000","20,000,000","20,000,000","20,000,000","20,000,000"
부산산업,"1,056,000","1,056,000","1,056,000","1,056,000","1,056,000"
부산주공,"42,349,528","42,397,604","56,849,517,000,000","65,973,604","72,928,988"
비비안,"6,867,945","6,867,945","26,735,890","29,793,990","29,793,990"
비상교육,"12,996,741","12,996,741","12,996,741","12,996,741","12,996,741"
비에이치,"31,485,852","32,850,890","33,472,688","33,810,072","34,464,379"
비케이탑스,"94,336,452","148,320,079","13,071,541","15,097,060","27,248,145"
빙그레,"9,851,241","9,851,241","9,851,241","9,851,241","9,851,241"
사조대림,"5,960,575","9,164,467","9,164,467","9,164,467","9,164,467"
사조동아원,"141,144,600","141,144,600","141,144,600","141,144,600","141,144,600"
사조산업,"5,000,000","5,000,000","5,000,000","5,000,000","5,000,000"
사조씨푸드,"17,218,543","17,218,543","17,218,543","17,218,543","17,218,543"
사조오양,"9,422,739","9,422,739","9,422,739","9,422,739","9,422,739"
삼부토건,"24,803,131","136,140,315","137,546,368","148,956,269","197,673,375"
삼성SDI,"68,764,530","68,764,530","68,764,530","68,764,530","68,764,530"
삼성공조,"8,126,314","8,126,314","8,126,314","8,126,314","8,126,314"
삼성물산,"189,690,043","189,690,043","186,887,081","186,887,081","186,887,081"
삼성바이오로직스,"66,165,000","66,165,000","66,165,000","66,165,000","71,174,000"
삼성생명,"200,000,000","200,000,000","200,000,000","200,000,000","200,000,000"
삼성에스디에스,"77,377,800","77,377,800","77,377,800","77,377,800","77,377,800"
삼성엔지니어링,"196,000,000","196,000,000","196,000,000","196,000,000","196,000,000"
삼성전기,"74,693,696","74,693,696","74,693,696","74,693,696","74,693,696"
삼성전자,"5,969,782,550","5,969,782,550","5,969,782,550","5,969,782,550","5,969,782,550"
삼성제약,"58,235,047","58,994,130","61,549,713","67,162,079","67,162,079"
삼성중공업,"630,000,000","630,000,000","630,000,000","880,000,000","880,000,000"
삼성증권,"89,300,000","89,300,000","89,300,000","89,300,000","89,300,000"
삼성출판사,"10,000,000","10,000,000","10,000,000","10,000,000","10,000,000"
삼성카드,"115,858,891","115,858,891","115,858,891","115,858,891","115,858,891"
삼성화재해상보험,"47,374,837","47,374,837","47,374,837","47,374,837","47,374,837"
삼아알미늄,"11,000,000","11,000,000","11,000,000","11,000,000","11,000,000"
삼양사,"10,289,803","10,289,803","10,313,449","10,313,449","10,313,449"
삼양식품,"7,533,015","7,533,015","7,533,015","7,533,015","7,533,015"
삼양통상,"3,000,000","3,000,000","3,000,000","3,000,000","3,000,000"
삼양패키징,"14,209,804","14,209,804","14,209,804","14,209,804","15,788,671"
삼양홀딩스,"8,564,271","8,564,271","8,564,271","8,564,271","8,564,271"
삼영,"34,000,000","34,000,000","34,000,000","34,000,000","34,000,000"
삼영무역,"16,466,623","17,606,686","18,466,948","18,466,948","18,466,948"
삼영전자공업,"20,000,000","20,000,000","20,000,000","20,000,000","20,000,000"
삼원강재,"40,000,000","40,000,000","40,000,000","40,000,000","40,000,000"
삼익THK,"21,000,000","21,000,000","21,000,000","21,000,000","21,000,000"
삼익악기,"90,530,915","90,530,915","90,530,915","90,530,915","90,530,915"
삼일씨엔에스,"12,731,947","12,731,947","12,731,947","12,731,947","12,731,947"
삼일제약,"6,500,000","6,500,000","6,694,896","13,537,283","13,714,450"
삼정펄프,"2,499,971","2,499,971","2,499,971","2,499,971","2,499,971"
삼진제약,"13,900,000","13,900,000","13,900,000","13,900,000","13,900,000"
삼천리,"4,055,025","4,055,025","4,055,025","4,055,025","4,055,025"
삼호개발,"25,000,000","25,000,000","25,000,000","25,000,000","25,000,000"
삼화왕관,"2,154,379","2,154,379","2,154,379","2,154,379","2,154,379"
삼화전기,"6,613,820","6,613,820","6,613,820","6,613,820","6,613,820"
삼화전자공업,"10,457,940","10,457,940","10,457,940","10,457,940","12,102,700"
삼화콘덴서공업,"10,395,000","10,395,000","10,395,000","10,395,000","10,395,000"
삼화페인트공업,"26,438,751","26,438,751","26,814,737","27,203,469","27,203,469"
상상인증권,"50,693,589","96,108,437","96,108,437","97,505,815","108,337,120"
상신브레이크,"21,471,450","21,471,450","21,471,450","21,471,450","21,471,450"
새론오토모티브,"19,200,000","19,200,000","19,200,000","19,200,000","19,200,000"
샘표,"2,875,800","2,875,800","2,875,800","2,875,800","2,875,800"
샘표식품,"4,568,286","4,568,286","4,568,286","4,568,286","4,568,286"
서연,"23,479,844","23,479,844","23,479,844","23,479,844","23,479,844"
서연이화,"27,028,437","27,028,437","27,028,437","27,028,437","27,028,437"
서울도시가스,"5,000,000","5,000,000","5,000,000","5,000,000","5,000,000"
서울식품공업,"337,410,000","337,410,000","362,085,308","372,316,535","374,755,559"
서원,"47,474,590","47,474,590","47,474,590","47,474,590","47,474,590"
서흥,"11,569,113","11,569,113","11,569,113","11,569,113","11,569,113"
선도전기,"18,000,000","18,000,000","18,000,000","18,000,000","18,000,000"
선진,"23,779,604","23,779,604","23,779,604","23,779,604","23,779,604"
성문전자,"19,486,857","19,486,857","19,486,857","19,486,857","19,486,857"
성보화학,"20,020,000","20,020,000","20,020,000","20,020,000","20,020,000"
성신양회,"24,008,482","24,516,073","24,516,073","24,516,073","24,516,073"
성안,"56,857,860","56,857,860","56,857,860","56,857,860","56,857,860"
성창기업지주,"69,751,600","69,751,600","69,751,600","69,751,600","69,751,600"
세기상사,"407,592","407,592","407,592","4,075,920","5,293,148"
세방,"19,308,690","19,308,690","19,308,690","19,308,690","19,308,690"
세방전지,"14,000,000","14,000,000","14,000,000","14,000,000","14,000,000"
세아베스틸지주,"35,862,119","35,862,119","35,862,119","35,862,119","35,862,119"
세아제강,"2,836,300","2,836,300","2,836,300","2,836,300","2,836,300"
세아제강지주,"4,141,657","4,141,657","4,141,657","4,141,657","4,141,657"
세아특수강,"8,570,000","8,570,000","8,570,000","8,570,000","8,570,000"
세아홀딩스,"4,000,000","4,000,000","4,000,000","4,000,000","4,000,000"
세우글로벌,"23,690,705","28,705,031","28,705,031","28,705,031","28,705,031"
세원이앤씨,"60,990,792,000","60,990,792","69,223,286","145,949,072","215,901,277"
세원정공,"10,000,000","10,000,000","10,000,000","10,000,000","10,000,000"
세이브존I&C,"41,040,895","41,040,895","41,040,895","41,040,895","41,040,895"
세종공업,"20,452,479","22,554,412","27,765,096","27,820,961","27,820,961"
세진중공업,"38,372,720","38,372,720","56,849,456","56,849,456","56,849,456"
세하,"29,562,997","29,562,997","57,562,997","57,562,997","57,562,997"
셀트리온,"125,456,133","128,337,853","134,997,805","137,947,128","140,805,210"
솔루스첨단소재,NULL,"30,589,758","30,589,758","30,589,758","35,111,195"
솔루엠,NULL,"33,948,362","36,108,362","50,005,551","50,005,551"
송원산업,"24,000,000","24,000,000","24,000,000","24,000,000","24,000,000"
수산인더스트리,NULL,NULL,NULL,NULL,"14,286,000"
수산중공업,"53,985,163","53,985,163","53,985,163","53,985,163","53,985,163"
스틱인베스트먼트,"41,678,175","41,678,175","41,678,175","41,678,175","41,678,175"
시디즈,"2,000,000","2,000,000","2,000,000","2,000,000","2,000,000"
신대양제지,"4,029,782","4,029,782","4,029,782","4,029,782","4,029,782"
신도리코,"10,080,029","10,080,029","10,080,029","10,080,029","10,080,029"
신라교역,"16,000,000","16,000,000","16,000,000","16,000,000","16,000,000"
신성이엔지,"172,993,713","173,730,185","201,433,941","204,217,781","205,848,151"
신성통상,"143,708,390","143,708,390","143,708,390","143,708,390","143,708,390"
신세계,"9,845,181","9,845,181","9,845,181","9,845,181","9,845,181"
신세계I&C,"1,720,000","1,720,000","1,720,000","1,720,000","17,200,000"
신세계건설,"4,000,000","4,000,000","4,000,000","4,000,000","4,000,000"
신세계인터내셔날,"7,140,000","7,140,000","7,140,000","7,140,000","35,700,000"
신세계푸드,"3,872,480","3,872,480","3,872,480","3,872,480","3,872,480"
신송홀딩스,"11,828,858","11,828,858","11,828,858","11,828,858","11,828,858"
신영와코루,"900,000","900,000","900,000","900,000","9,000,000"
신영증권,"9,386,237","9,386,237","9,386,237","9,386,237","9,386,237"
신원,"76,738,152","85,042,499","85,042,499","95,568,813","102,586,356"
신일전자,"71,047,521","71,047,521","71,047,521","71,047,521","71,047,521"
신풍,"34,958,700","34,958,700","34,958,700","34,958,700","34,958,700"
신풍제약,"52,984,990","52,984,990","52,984,990","52,984,990","52,984,990"
신한서부티엔디리츠,NULL,NULL,NULL,"55,955,884","55,955,884"
신한알파리츠,"38,106,123","47,630,123","52,330,123","52,330,123","73,830,123"
신한지주,"474,199,587","474,199,587","516,599,554","516,599,554","508,784,869"
신흥,"9,600,000","9,600,000","9,600,000","9,500,000","9,500,000"
쌍방울,"129,124,213","129,124,213","239,359,627","262,592,129","262,592,129"
쌍용씨앤이,"503,859,595","503,859,595","503,859,595","503,859,595","503,859,595"
써니전자,"29,976,480","33,725,245","34,845,011","34,845,011","34,845,011"
쎌마테라퓨틱스,"5,512,821","9,249,499","12,332,520","24,553,927","31,696,784"
쏘카,NULL,NULL,NULL,NULL,"32,725,652"
씨아이테크,"54,212,316","54,212,316","25,070,772","39,951,719","43,610,063"
씨에스윈드,"17,285,715","17,285,715","17,285,715","42,171,403","42,171,403"
씨티알모빌리티,NULL,"8,400,000","8,610,000","8,610,000","8,610,000"
아남전자,"77,124,820","77,124,820","77,124,820","77,124,820","77,124,820"
아모레퍼시픽,"58,458,490","58,458,490","58,458,490","58,492,759","58,492,759"
아모레퍼시픽그룹,"82,458,180","82,458,180","82,458,180","82,458,180","82,458,180"
아세아,"2,191,024","2,191,024","2,191,024","2,191,024","2,191,024"
아세아시멘트,"3,895,809","3,895,809","3,895,809","3,895,809","38,958,090"
아세아제지,"8,956,502","8,956,502","8,956,502","8,956,502","8,956,502"
아센디오,"197,284,650","197,284,650","62,022,534","80,509,196","84,590,828"
아시아나IDT,"11,100,000","11,100,000","11,100,000","11,100,000","11,100,000"
아시아나항공,"205,235,294","223,235,294","74,411,764","74,411,764","74,411,764"
아이마켓코리아,"35,943,340","35,943,340","35,393,340","33,428,840","33,428,840"
아이에스동서,"30,853,371","30,892,606","30,892,606","30,892,606","30,892,606"
아이에이치큐,"146,235,748","146,235,748","146,235,748","146,235,748","214,095,648"
아주스틸,NULL,NULL,NULL,"26,452,189","26,452,189"
알루코,"74,524,102","74,524,102","83,207,283","89,791,232","89,969,432"
애경산업,"26,266,135","26,409,935","26,409,935","26,409,935","26,409,935"
애경케미칼,"32,040,000","32,040,000","32,040,000","48,648,709","48,648,709"
에넥스,"59,991,641","59,991,641","59,991,641","59,991,641","59,991,641"
에스디바이오센서,NULL,NULL,"93,317,753","103,271,353","104,383,353"
에스엘,"33,865,090","48,203,277","48,203,277","48,203,277","46,448,520"
에스엠벡셀,"50,521,414","64,581,636","64,581,636","65,497,372","111,251,760"
에스원,"37,999,178","37,999,178","37,999,178","37,999,178","37,999,178"
에스제이엠,"15,604,898","15,604,898","15,604,898","15,604,898","15,604,898"
에스제이엠홀딩스,"14,934,008","14,934,008","14,934,008","14,934,008","14,934,008"
에스케이바이오팜,NULL,NULL,"78,313,250","78,313,250","78,313,250"
에쓰씨엔지니어링,"25,016,587","25,016,587","25,016,587","31,121,109","31,249,355,000"
에어부산,"52,070,000","52,070,000","82,070,000","193,920,000","116,640,000"
에이리츠,"3,675,909","3,675,909","3,792,775","4,217,390","4,463,032"
에이블씨엔씨,"27,033,459","27,033,459","27,033,459","27,033,459","27,033,459"
에이엔피,"82,784,868","82,784,868","21,826,409","22,336,409","40,581,153"
에이프로젠,"91,901,849","153,725,636","182,946,253","199,155,230","253,668,855"
에이프로젠바이오로직스,"107,882,194","241,658,328","398,575,767","398,575,767","585,754,688"
에이플러스에셋,"20,000,000","20,000,000","22,607,693","22,607,693","22,607,693"
엔씨소프트,"21,939,022","21,954,022","21,954,022","21,954,022","21,954,022"
엔에이치스팩19호,NULL,NULL,NULL,"51,290,000","51,290,000"
엔에이치엔,"19,565,025","19,565,025","19,565,025","19,565,025","36,017,198"
엔케이,"79,983,352","77,917,190","77,917,190","79,983,352","79,983,352"
엔피씨,"36,720,000","36,720,000","36,720,000","36,720,000","36,720,000"
엘브이엠씨,"47,869,508","51,120,439","84,348,589","99,455,297","99,455,297"
엘에스일렉트릭,"30,000,000","30,000,000","30,000,000","30,000,000","30,000,000"
엠씨넥스,"17,225,347","17,863,482","17,863,482","17,973,432","17,977,732"
영보화학,"20,000,000","20,000,000","20,000,000","20,000,000","20,000,000"
영원무역,"44,311,468","44,311,468","44,311,468","44,311,468","44,311,468"
영원무역홀딩스,"13,635,592","13,635,592","13,635,592","13,635,592","13,635,592"
영진약품,"182,892,731","182,892,731","182,892,731","182,892,731","182,892,731"
영풍,"1,842,040","1,842,040","1,842,040","1,842,040","1,842,040"
영풍제지,"22,200,000","22,200,000","22,200,000","22,200,000","22,295,000"
영화금속,"45,451,006","45,451,006","53,394,505","53,394,505","53,394,505"
영흥,"85,826,509","85,826,509","92,734,032","101,310,372","101,310,372"
예스코홀딩스,"6,000,000","6,000,000","6,000,000","6,000,000","6,000,000"
오뚜기,"3,605,237","3,605,237","3,671,981","3,671,981","4,007,830"
오리엔트바이오,-,-,-,-,-
오리온,"39,533,961","39,536,132","39,536,132","39,536,132","39,536,132"
오리온홀딩스,"62,644,293","62,645,422","62,645,422","62,645,422","62,645,422"
와이투솔루션,"56,551,602","58,194,201","58,494,201","159,235,637","159,235,637"
용평리조트,"48,133,333","48,133,333","48,133,333","48,133,333","48,133,333"
우리금융지주,NULL,"722,267,683","722,267,683","728,060,549","728,060,549"
우리종금,"674,203,406","674,203,406","874,203,406","874,203,406","874,203,406"
우성,"30,900,000","30,900,000","30,900,000","3,090,000","3,090,000"
우신시스템,"18,314,054","18,314,054","18,314,054","18,314,054","18,314,054"
우진,"17,543,127","20,202,234","20,202,234","20,323,614","20,323,614"
우진아이엔에스,"7,622,000","7,622,000","7,622,000","7,622,000","7,622,000"
우진플라임,"10,000,000","10,000,000","10,000,000","20,000,000","20,000,000"
웅진,"74,166,668","79,378,330","79,378,330","79,927,080","79,927,080"
웅진씽크빅,"34,621,165","134,173,248","115,505,985","115,505,985","115,505,985"
원림,"2,200,000","2,200,000","2,200,000,000","2,297,970","2,297,970"
웰바이오텍,"36,959,438","43,010,106","45,310,327","58,677,244","66,432,104"
윌비스,"57,000,000","61,210,519","65,157,878","67,236,039","67,236,039"
유나이티드,"16,207,322","16,231,822","16,244,822","16,244,822","16,244,822"
유니드,"8,889,843","8,889,843","8,889,843","8,889,843","6,767,600"
유니드비티플러스,NULL,NULL,NULL,NULL,"10,611,215"
유니온,"15,611,619","15,611,619","15,611,619","15,611,619","15,611,619"
유니온머티리얼,"42,000,000","42,000,000","42,000,000","42,000,000","42,000,000"
유니켐,"60,370,076","67,272,282","68,710,343","72,688,462","72,921,381"
유니퀘스트,"27,190,652","27,237,225","27,307,225","27,342,975","27,355,975"
유성기업,"25,947,500","25,947,500","25,947,500","25,947,500","25,947,500"
유수홀딩스,"26,041,812","26,041,812","26,041,812","26,041,812","26,041,812"
유안타증권,"199,596,576","199,596,576","199,596,576","199,596,576","199,596,576"
유엔젤,"13,195,454","13,195,454","13,195,454","13,195,454","13,195,454"
유유제약,"6,368,587","6,368,587","8,035,247","17,232,351","17,232,351"
유진증권,"96,866,418","96,866,418","96,866,418","96,866,418","96,866,418"
유한양행,"12,209,354","12,777,115","66,856,810","69,972,959","73,231,476"
유화증권,"11,340,483","11,340,483","56,702,415","56,702,415","56,702,415"
율촌화학,"24,800,000","24,800,000","24,800,000","24,800,000","24,800,000"
이건산업,"10,952,635","10,952,635","10,952,635","10,952,635","10,952,635"
이구산업,"33,442,000","33,442,000","33,442,000","33,442,000","33,442,000"
이노션,"20,000,000","20,000,000","20,000,000","20,000,000","20,000,000"
이리츠코크렙,"63,341,590","63,341,590","63,341,590","63,341,590","63,341,590"
이마트,"27,875,819","27,875,819","27,875,819","27,875,819","27,875,819"
이수페타시스,"41,268,398","41,268,398","41,268,398","63,246,419","63,246,419"
이수화학,"15,278,000","15,278,000","24,315,017","27,959,544","27,959,544"
이스타코,"42,851,600","42,851,600","42,851,600","42,851,600","42,851,600"
이아이디,"242,188,696","548,342,542","723,342,542","940,724,905","115,720,209"
이엔플러스,"28,612,662","37,221,917","42,310,049","51,499,987","58,337,806"
이연제약,"16,770,000","16,770,000","17,562,390","17,998,577","17,998,577"
이월드,"90,509,897","90,509,897","103,139,897","141,806,193","141,806,193"
이지스레지던스리츠,NULL,NULL,"20,600,000","20,600,000","28,358,617"
이지스밸류플러스리츠,NULL,NULL,"24,000,000","24,000,000","30,872,852"
이화산업,"2,800,000","2,800,000","2,800,000","2,800,000","2,800,000"
인디에프,"58,932,995","58,932,995","58,932,995","70,712,995","70,712,995"
인바이오젠,"28,995,962","39,661,591","51,561,397","53,396,820","140,884,330"
인스코비,"89,723,464","97,236,911","100,909,096","109,848,100","112,008,577"
인지컨트롤스,"15,160,128","15,160,128","15,160,128","15,333,213","15,333,213"
인천도시가스,"4,374,754","4,374,754","4,374,754","4,374,754","4,374,754"
인터지스,"29,747,874","29,747,874","29,747,874","29,747,874","29,747,874"
인팩,"10,000,000","10,000,000","10,000,000","10,000,000","10,000,000"
일동제약,"21,591,413","22,670,452","23,803,285","23,803,285","26,803,285"
일동홀딩스,"10,490,296","11,002,587","11,540,400","11,540,400","11,540,400"
일성건설,"53,403,640","54,024,880","54,024,880","54,024,880","54,024,880"
일성신약,"2,660,000","2,660,000","2,660,000","2,660,000","2,660,000"
일신방직,"2,400,000","2,400,000","2,400,000","2,400,000","2,400,000"
일신석재,"77,456,610","77,456,610","77,456,610","77,456,610","77,456,610"
일양약품,"19,085,664","19,085,664","19,085,664","19,085,664","19,085,664"
일정실업,"1,200,000","1,200,000","1,200,000","1,200,000","1,200,000"
일진다이아,"11,277,975","14,202,975","14,202,975","14,202,975","14,202,975"
일진디스플,"28,314,440","28,314,440","28,314,440","34,468,286","51,513,741"
일진전기,"37,080,390","37,080,390","37,080,390","37,080,390","37,080,390"
일진하이솔루스,NULL,NULL,NULL,"36,313,190","36,313,190"
일진홀딩스,"49,347,483","49,347,483","49,347,483","49,347,483","49,347,483"
잇츠한불,"21,929,315","21,929,315","21,929,315","21,929,315","21,929,315"
자이에스앤디,NULL,"26,782,520","26,782,520","38,782,520","38,782,520"
자화전자,"17,900,000","17,900,000","17,900,000","17,900,000","20,250,944"
전방,-,-,-,-,-
제이알글로벌리츠,NULL,NULL,"68,600,000","165,600,000","165,600,000"
제이에스코퍼레이션,"13,335,601","13,335,601","13,335,601","13,335,601","13,335,601"
제이준코스메틱,"26,524,184","28,382,321","36,909,430","74,422,604","3,849,138"
제일기획,"115,041,225","115,041,225","115,041,225","115,041,225","115,041,225"
제일약품,"14,704,872","14,704,872","14,704,872","14,704,872","14,704,872"
제일연마,"10,000,000","10,000,000","10,000,000","10,000,000","10,000,000"
제일파마홀딩스,"15,973,355","15,973,355","15,973,355","15,973,355","15,973,355"
제주은행,"32,128,774","32,128,774","32,128,774","32,128,774","32,128,774"
제주항공,"26,356,758","26,356,758","38,499,615","49,759,668","76,993,711"
조광페인트,"12,800,000","12,800,000","12,800,000","12,800,000","12,800,000"
조광피혁,"6,649,138","6,649,138","6,649,138","6,649,138","6,649,138"
조비,"5,192,239","5,192,239","5,192,239","5,192,239","5,192,239"
조선내화,-,-,-,-,-
조선선재,"1,257,651","1,257,651","1,257,651","1,257,651","1,257,651"
조일알미늄,"69,600,000","70,155,555","83,774,593","122,631,721","126,631,721"
조흥,"600,000","600,000","600,000","600,000","600,000"
종근당,"9,879,236","10,370,290","10,885,685","11,426,099","11,988,038"
종근당바이오,"5,229,489","5,229,489","5,485,962","5,485,962","5,485,962"
종근당홀딩스,"5,009,861","5,009,861","5,009,861","5,009,861","5,009,861"
주연테크,"98,773,270","106,751,992","54,612,089","59,199,244","59,199,244"
지누스,"12,449,140","14,206,749","14,406,749","15,800,450","18,900,676"
지엠비코리아,"19,072,280","19,072,280","19,072,280","19,072,280","19,072,280"
지역난방공사,"11,578,744","11,578,744","11,578,744","11,578,744","11,578,744"
지투알,"16,567,409","16,567,409","16,567,409","16,567,409","16,567,409"
진도,"12,447,744","12,447,744","12,447,744","12,447,744","12,447,744"
진양산업,"13,000,000","13,000,000","13,000,000","13,000,000","13,000,000"
진양폴리우레탄,"10,000,000","10,000,000","10,000,000","10,000,000","10,000,000"
진양홀딩스,"55,895,292","55,895,292","55,895,292","55,895,292","55,895,292"
진양화학,"12,000,000","12,000,000","12,000,000","12,000,000","15,800,000"
진에어,"30,000,000","30,000,000","45,000,000","52,200,000","52,200,000"
진원생명과학,"21,174,063","21,926,157","44,771,008","77,479,055","77,751,599"
진흥기업,"145,471,745","145,471,745","145,471,745","145,471,745","145,471,745"
참엔지니어링,"49,189,958","52,437,510","55,445,022","55,528,564","58,867,419"
천일고속,"1,429,220","1,429,220","1,429,220","1,429,220","1,429,220"
청호ICT,"8,376,352","8,576,351","10,695,682","15,060,392","18,136,345"
체시스,"24,000,000","24,000,000","24,000,000","32,000,000","32,000,000"
카카오,"83,387,773","86,222,636","88,501,998","445,905,990","445,423,689"
카카오뱅크,NULL,NULL,"407,653,037","475,159,237","476,730,637"
카카오페이,NULL,NULL,NULL,"131,883,080","133,002,827"
카프로,"40,000,000","40,000,000","40,000,000","40,000,000","40,000,000"
컨버즈,"12,020,900","30,782,409","13,141,388","17,549,275","36,810,230"
케이비아이동국실업,"53,312,072","66,042,072","66,042,072","87,217,977","100,273,016"
케이씨,"13,554,044","13,554,044","13,554,044","13,554,044","13,554,044"
케이씨씨,"10,556,513","10,556,513","8,886,471","8,886,471","8,886,471"
케이씨씨글라스,NULL,NULL,"15,970,512","15,970,512","15,970,512"
케이씨텍,"19,839,340","19,839,340","20,861,556","20,861,556","20,861,556"
케이씨티시,"30,000,000","30,000,000","30,000,000","30,000,000","30,000,000"
케이카,NULL,NULL,NULL,"48,086,533","48,086,533"
케이탑리츠,"44,212,673","45,096,847","46,224,127","46,224,127","48,060,774"
케이티,"261,111,808","261,111,808","261,111,808","261,111,808","261,111,808"
케이티스카이라이프,"47,821,966","47,821,966","47,821,966","47,821,966","47,821,966"
케이티앤지,"137,292,497","137,292,497","137,292,497","137,292,497","137,292,497"
코람코더원리츠,NULL,NULL,NULL,NULL,"40,400,000"
코람코에너지리츠,NULL,NULL,"69,620,000","69,620,000","88,534,474"
코리아써키트,"23,620,751","23,620,751","23,620,751","23,620,751","23,620,751"
코리안리,"120,369,116","120,369,116","120,369,116","120,369,116","140,822,939"
코스맥스,"10,049,509","10,049,509","10,049,509","11,349,509","11,349,509"
코스맥스비티아이,"9,603,921","9,603,921","9,603,921","9,603,921","9,603,921"
코스모신소재,"19,747,965","29,247,965","29,247,965","30,086,889","30,650,756"
코스모화학,"15,840,498","26,110,825","26,110,825","27,860,157","35,008,228"
코아스,"30,907,210","30,907,210","30,907,210","30,907,210","30,907,210"
코오롱,"12,626,426","12,626,426","12,626,426","12,626,426","12,626,426"
코오롱글로벌,"25,210,438","25,210,438","25,210,438","25,210,438","25,210,438"
코오롱인더,"26,978,840","26,978,840","26,978,840","27,519,091","27,519,091"
코오롱플라스틱,"38,000,000","38,000,000","38,000,000","38,000,000","38,000,000"
코웨이,"73,799,619","73,799,619","73,799,619","73,799,619","73,799,619"
콘텐트리중앙,"144,068,982","14,406,898","16,385,071","18,297,538","19,262,308"
콤텍시스템,"47,851,466","67,851,466","67,851,466","121,051,466","121,051,466"
쿠쿠홀딩스,"7,112,437","7,112,437","7,112,437","35,562,185","35,562,185"
쿠쿠홈시스,"4,487,466","22,437,330","22,437,330","22,437,330","22,437,330"
큐로,"124,732,646","148,071,663","227,211,638","231,211,638","231,211,638"
크라운제과,"12,523,850","12,523,850","12,523,850","12,523,850","12,523,850"
크라운해태홀딩스,"14,847,347","14,847,347","14,847,347","14,847,347","14,847,347"
크래프톤,"7,455,565","8,045,498","8,557,037","48,967,045","49,081,545"
키다리스튜디오,"15,832,549","16,959,266","18,505,691","34,709,306","36,964,766"
키움증권,"22,099,740","22,099,740","24,028,641","26,219,513","26,219,513"
태경비케이,"27,583,100","27,583,100","27,583,100","27,583,100","27,583,100"
태경산업,"29,228,750","29,228,750","29,228,750","29,228,750","29,228,750"
태경케미컬,"11,600,000","11,600,000","11,600,000","11,600,000","11,600,000"
태광산업,"1,113,400","1,113,400","1,113,400,000","1,113,400","1,113,400"
태림포장,"70,805,940","70,805,940","70,805,940","70,805,940","70,805,940"
태양금속공업,"36,700,000","36,700,000","36,700,000","36,700,000","36,700,000"
태영건설,"76,400,000","76,400,000","38,899,098","38,899,098","38,899,098"
태원물산,"7,600,000","7,600,000","7,600,000","7,600,000","7,600,000"
태평양물산,"49,911,742","49,911,742","48,149,587","48,149,587","48,636,071"
테이팩스,"4,717,650","4,717,650","4,717,650","4,717,650","4,717,650"
텔코웨어,"9,702,706","9,702,706","9,702,706","9,702,706","9,702,706"
토니모리,"17,640,000","17,640,000","17,640,000","24,054,799","24,054,799"
티비에이치글로벌,"20,856,819","20,856,819","20,856,819","20,856,819","20,856,819"
티에이치엔,"18,000,000","18,000,000","18,000,000","18,000,000","18,000,000"
티와이홀딩스,NULL,NULL,"37,500,902","50,929,268","50,929,268"
티웨이항공,"46,974,812","46,974,812","110,330,279","110,330,279","160,330,279"
티웨이홀딩스,"75,437,074","76,680,855","76,680,856","109,472,167","109,472,167"
티케이지휴켐스,"40,878,588","40,878,588","40,878,588","40,878,588","40,878,588"
파미셀,"59,958,950","59,958,950","59,958,950","59,958,950","60,016,964"
팜스코,"36,727,943","36,727,943","36,727,943","36,727,943","36,727,943"
팜젠사이언스,"11,570,324","11,686,025","14,712,933","15,233,413","15,830,890"
팬오션,"534,569,207","534,569,207","534,569,512","534,569,512","534,569,512"
퍼스텍,"46,764,840","46,764,840","48,061,460","48,061,460","48,061,460"
퍼시스,"11,500,000","11,500,000","11,500,000","11,500,000","11,500,000"
페이퍼코리아,"73,374,054","89,922,517","37,502,728","40,900,159","47,566,810"
평화산업,"37,403,844","54,902,259","54,902,259","54,902,259","54,902,259"
평화홀딩스,"14,625,466","14,625,466","14,625,466","14,625,466","14,625,466"
포스코스틸리온,"6,000,000","6,000,000","6,000,000","6,000,000","6,000,000"
포스코인터내셔널,"123,375,149","123,375,149","123,375,149","123,375,149","123,375,149"
포스코퓨처엠,"59,070,000","60,988,220","60,988,220","77,463,220","77,463,220"
풀무원,"3,809,095","38,090,950","38,120,539","38,120,542","38,120,542"
풍산,"28,024,278","28,024,278","28,024,278","28,024,278","28,024,278"
풍산홀딩스,"7,835,167","7,835,167","7,835,167","10,409,528","10,409,528"
프레스티지바이오파마,NULL,NULL,NULL,"12,019,231","12,019,231"
플레이그램,"81,238,723","83,578,428","79,439,210","89,717,066","111,441,564"
하나금융지주,-,-,-,-,-
하나제약,"16,200,000","16,200,000","16,200,000","17,772,946","17,772,946"
하나투어,"11,616,185","11,616,185","13,939,185","13,939,185","16,039,185"
하이브,NULL,NULL,"35,623,760","41,353,387","41,353,387"
하이스틸,"1,999,944","1,999,944","1,999,944","19,999,440","20,191,471"
하이트론씨스템즈,"5,530,735","5,530,735","6,281,748","9,611,224","9,611,224"
하이트진로,"70,133,611","70,133,611","70,133,611","70,133,611","70,133,611"
하이트진로홀딩스,"23,206,765","23,206,765","23,206,765","23,206,765","23,206,765"
한국가스공사,"92,313,000","92,313,000","92,313,000","92,313,000","92,313,000"
한국공항,"3,166,355","3,166,355","3,166,355","3,166,355","3,166,355"
한국금융지주,"55,725,992","55,725,992","55,725,992","55,725,992","55,725,992"
한국내화,"22,863,632","22,863,632","22,863,632","41,067,062","41,067,062"
한국단자공업,"10,415,000","10,415,000","10,415,000","10,415,000","10,415,000"
한국무브넥스,"30,450,420","30,450,420","30,450,420","30,450,420","30,450,420"
한국석유공업,"655,200","655,200","655,200","12,694,120","12,694,120"
한국수출포장공업,"4,000,000","4,000,000","4,000,000","4,000,000","4,000,000"
한국쉘석유,"1,300,000","1,300,000","1,300,000","1,300,000","1,300,000"
한국앤컴퍼니,"93,020,173","93,020,173","93,020,173","94,935,240","94,935,240"
한국자산신탁,"102,739,889","112,853,251","123,977,752","123,977,752","123,977,752"
한국전력공사,"641,964,077","641,964,077","641,964,077","641,964,077","641,964,077"
한국전자홀딩스,"46,803,136","46,803,136","46,803,136","46,803,136","46,803,136"
한국종합기술,"10,950,000","10,950,000","10,950,000","10,950,000","10,950,000"
한국주강,"11,309,259","11,309,259","11,309,259","11,309,259","11,309,259"
한국주철관공업,"22,800,500","22,800,500","22,800,500","22,800,500","22,800,500"
한국철강,"46,050,000","46,050,000","46,050,000","46,050,000","42,450,000"
한국카본,"43,960,757","43,960,757","43,960,757","43,960,757","43,960,757"
한국콜마,"22,346,698","22,881,180","22,881,180","22,881,180","22,881,180"
한국콜마홀딩스,"17,938,966","17,938,966","18,576,719","18,576,719","18,576,719"
한국타이어앤테크놀로지,"123,875,069","123,875,069","123,875,069","123,875,069","123,875,069"
한국토지신탁,"252,489,230","252,489,230","252,489,230","252,489,230","252,489,230"
한국특강,"32,353,490","32,353,490","53,242,476","53,242,476","60,589,598"
한국항공우주,"97,475,107","97,475,107","97,475,107","97,475,107","97,475,107"
한국화장품,"16,068,000","16,068,000","16,068,000","16,068,000","16,068,000"
한국화장품제조,"4,532,000","4,532,000","4,532,000","4,532,000","4,532,000"
한농화성,"15,637,042","15,637,042","15,637,042","15,637,042","15,637,042"
한독,"13,763,533","13,763,533","13,763,533","13,763,533","13,763,533"
한미글로벌,"10,957,550","10,957,550","10,957,550","10,957,550","10,957,550"
한미반도체,"57,223,890","57,223,890","51,501,501","49,459,877","97,339,302"
한미사이언스,"63,499,267","64,742,860","66,011,149","67,304,611","68,623,684"
한미약품,"11,385,691","11,612,184","11,843,029","12,078,282","12,317,971"
한샘,"23,533,928","23,533,928","23,533,928","23,533,928","23,533,928"
한섬,"24,630,000","24,630,000","24,630,000","24,630,000","24,630,000"
한성기업,"5,933,871","6,170,756","6,209,515","6,209,515","6,209,515"
한세실업,"40,000,000","40,000,000","40,000,000","40,000,000","40,000,000"
한세엠케이,"12,909,322","12,909,322","12,909,322","12,909,322","30,106,502"
한세예스24홀딩스,"40,000,000","40,000,000","40,000,000","40,000,000","40,000,000"
한솔로지스틱스,"27,477,425","27,477,425","27,477,425","27,477,425","27,477,425"
한솔제지,"23,800,576","23,800,576","23,800,576","23,800,576","23,800,576"
한솔케미칼,"11,295,195","11,295,195","11,295,195","11,335,195","11,335,195"
한솔테크닉스,"22,109,878","32,109,878","32,109,878","32,109,878","32,109,878"
한솔피엔에스,"20,493,012","20,493,012","20,493,012","20,493,012","20,493,012"
한솔홀딩스,"46,359,871","47,183,679","42,008,577","42,008,577","42,008,577"
한솔홈데코,"80,565,149","80,565,149","80,565,149","80,565,149","80,565,149"
한신공영,"11,570,702","11,570,702","11,570,702","11,570,702","11,570,702"
한신기계공업,"32,446,151","32,446,151","32,446,151","32,446,151","32,446,151"
한양증권,"12,728,534","12,728,534","12,728,534","12,728,534","12,728,534"
한온시스템,"533,800,000","533,800,000","533,800,000","533,800,000","533,800,000"
한올바이오파마,"52,240,638","52,240,638","52,240,638","52,240,638","52,240,638"
한익스프레스,"12,000,000","12,000,000","12,000,000","12,000,000","12,000,000"
한일시멘트,"4,144,970","4,144,970","6,926,154","69,261,540","69,261,540"
한일철강,"2,232,233","22,322,330","24,882,353","26,697,460","26,697,460"
한일현대시멘트,"16,758,544","16,821,290","16,821,290","17,774,535","19,327,672"
한일홀딩스,"5,995,844","5,994,356","28,815,780","28,815,780","30,832,884"
한전KPS,"45,000,000","45,000,000","45,000,000","45,000,000","45,000,000"
한전기술,"38,220,000","38,220,000","38,220,000","38,220,000","38,220,000"
한전산업,"32,600,000","32,600,000","32,600,000","32,600,000","32,600,000"
한진,"11,974,656","11,974,656","14,947,628","14,947,628","14,947,628"
한진중공업홀딩스,"29,529,812","29,529,812","29,529,812","29,529,812","29,529,812"
한진칼,"59,170,458","59,170,458","66,262,510","66,738,873","66,761,796"
한창,"34,458,589","34,790,269","66,790,269","66,790,269","79,395,668"
한창제지,"59,667,486","59,667,486","59,667,486","59,667,486","59,667,486"
한컴라이프케어,NULL,NULL,NULL,"27,674,406","27,674,406"
한화,"74,958,735","74,958,735","74,958,735","74,958,735","74,958,735"
한화생명,"868,530,000","868,530,000","868,530,000","868,530,000","868,530,000"
한화손해보험,"116,738,915","116,738,915","116,738,915","116,738,915","116,738,915"
한화솔루션,"163,110,394","161,479,290","159,864,497","191,278,497","191,278,497"
한화시스템,NULL,"110,230,389","110,230,389","188,919,389","188,919,389"
한화에어로스페이스,"52,040,000","51,560,000","50,630,000","50,630,000","50,630,000"
한화오션,"107,205,752","107,205,752","107,290,669","107,290,669","107,290,669"
한화투자증권,"172,442,511","214,547,775","214,547,775","214,547,775","214,547,775"
해성디에스,"17,000,000","17,000,000","17,000,000","17,000,000","17,000,000"
해태제과식품,"29,116,822","29,116,822","29,116,822","29,116,822","29,116,822"
핸즈코퍼레이션,"21,863,268","21,863,268","22,263,268","22,263,268","22,263,268"
현대건설,"111,355,765","111,355,765","111,355,765","111,355,765","111,355,765"
현대글로비스,"37,500,000","37,500,000","37,500,000","37,500,000","37,500,000"
현대로템,"85,000,000","85,000,000","109,142,000","109,142,000","109,142,000"
현대리바트,"20,535,282","20,535,282","20,535,282","20,535,282","20,535,282"
현대모비스,"97,343,863","95,306,694","95,054,694","94,573,094","94,285,094"
현대미포조선,"39,942,149","39,942,149","39,942,149","39,942,149","39,942,149"
현대백화점,-,-,-,-,-
현대비앤지스틸,"15,078,811","15,078,811","15,078,811","15,078,811","15,078,811"
현대약품,"32,000,000","32,000,000","32,000,000","32,000,000","32,000,000"
현대엘리베이터,"27,158,266","27,199,334","40,815,191","40,815,191","40,815,191"
현대오토에버,"20,652,420","21,000,000","21,000,000","27,423,982","27,423,982"
현대위아,"27,195,083","27,195,083","27,195,083","27,195,083","27,195,083"
현대자동차,"213,668,187","213,668,187","213,668,187","213,668,187","213,668,187"
현대제철,"133,445,785","133,445,785","133,445,785","133,445,785","133,445,785"
현대지에프홀딩스,"97,704,482","97,704,482","97,704,482","97,704,482","97,704,482"
현대차증권,"29,337,111","29,337,111","29,337,111","31,712,562","31,712,562"
현대코퍼레이션,"13,228,966","13,228,966","13,228,966","13,228,966","13,228,966"
현대코퍼레이션홀딩스,"9,100,836","9,100,836","9,100,836","9,100,836","9,100,836"
현대퓨처넷,"112,876,596","112,876,596","112,876,596","112,876,596","110,202,945"
현대해상,"89,400,000","89,400,000","89,400,000","89,400,000","89,400,000"
현대홈쇼핑,"12,000,000","12,000,000","12,000,000","12,000,000","12,000,000"
형지엘리트,"19,154,798","31,154,798","31,154,798","31,154,798","31,154,798"
혜인,"12,712,747","12,712,747","12,712,747","12,712,747","12,712,747"
호전실업,"8,641,975","8,641,975","8,641,975","10,071,450","9,749,984"
호텔신라,"39,248,121","39,248,121","39,248,121","39,248,121","39,248,121"
화성산업,"12,450,800","12,450,800","12,450,800","12,450,800","10,150,000"
화승알앤에이,NULL,NULL,NULL,"18,993,623","18,993,623"
화승엔터프라이즈,"60,536,670","60,536,670","60,536,670","60,570,805","60,589,276"
화승인더스트리,"55,320,000","55,320,000","55,320,000","55,320,000","55,320,000"
화승코퍼레이션,"64,561,210","64,561,210","69,044,875","50,051,252","50,051,252"
화신,"34,920,410","34,920,410","34,920,410","34,920,410","34,920,410"
화인베스틸,"29,550,000","29,550,000","29,550,000","29,550,000","29,781,941"
화천기계,"2,200,000","22,000,000","22,000,000","22,000,000","22,000,000"
화천기공,"2,200,000","2,200,000","2,200,000","2,200,000","2,200,000"
환인제약,"18,600,070","18,600,070","18,600,070","18,600,070","18,600,070"
황금에스티,"14,000,000","14,000,000","14,000,000","16,000,000","17,000,000"
효성,"21,071,025","21,071,025","21,071,025","21,071,025","21,071,025"
"효성 ITX","11,558,200","11,558,200","11,558,200","11,558,200","11,558,200"
효성중공업,"9,324,548","9,324,548","9,324,548","9,324,548","9,324,548"
효성첨단소재,"4,479,948","4,479,948","4,479,948","4,479,948","4,479,948"
효성티앤씨,"4,327,682","4,327,682","4,327,682","4,327,682","4,327,682"
효성화학,"3,190,126","3,190,126","3,190,126","3,190,126","3,190,126"
후성,"92,606,819","92,606,819","92,606,819","92,606,819","94,352,104"
휠라홀딩스,"61,115,070","61,115,070","60,752,222","60,752,222","60,752,222"
휴니드테크놀러지스,"14,116,015","14,116,015","14,116,015","14,116,015","14,116,015"
휴비스,"34,500,000","34,500,000","34,500,000","34,500,000","34,500,000"
휴스틸,"7,534,848","7,621,668","7,621,668","7,837,615","56,188,075"
흥국화재,"64,242,645","64,242,645","64,242,645","64,242,645","64,242,645"
흥아해운,"175,643,430","112,112,392","116,732,559","240,424,899","240,424,899"
