corp,stock_code,sector,count,rating,paywellfare,worklifebal,culture,opportunity,manager,recommend,ceo,potential
AJ네트웍스,095570,서비스업,770,2.68,2.6,3.06,2.74,2.52,2.26,1.3,1.37,1.2
AK홀딩스,006840,기타금융,135,2.9,2.8,3,2.5,2.9,2.4,0.46,0.65,0.34
BGF,027410,기타금융,2603,2.91,2.82,2.89,2.8,2.62,2.32,1.5,1.54,1.45
BGF리테일,282330,유통업,2603,2.91,2.82,2.89,2.8,2.62,2.32,1.5,1.54,1.45
BYC,001460,섬유의복,272,2.24,1.82,3.32,2.26,1.98,1.78,0.65,0.64,0.55
CJ,001040,기타금융,3036,3.18,3.36,2.91,3.08,2.9,2.87,0.65,0.76,0.44
"CJ CGV",079160,서비스업,2553,3.4,3.47,3.06,3.22,3.02,2.89,0.92,0.89,0.58
CJ대한통운,000120,운수창고업,2532,2.8,2.81,2.39,2.56,2.99,2.31,1.42,1.49,1.44
CJ제일제당,097950,음식료품,4305,2.9,2.88,2.68,2.86,2.96,2.42,1.36,1.41,1.35
DB,012030,서비스업,898,3.03,2.91,3.35,2.98,2.73,2.41,1.01,0.99,0.73
DL,000210,화학,364,2.22,2.21,1.94,2.02,2.6,1.82,0.23,0.32,0.32
DL이앤씨,375500,건설업,941,3.24,3.33,3.13,3.04,3.48,2.06,2.92,2.9,2.89
DRB동일,004840,화학,154,3.04,2.89,3.68,2.89,2.79,2.39,1.81,1.78,1.69
DSR,155660,철강금속,88,2.71,3.17,2.3,2.36,2.6,2.26,1.03,1.06,0.92
E1,017940,유통업,143,3.36,3.46,3.81,3,3,2.61,2.46,2.55,2.41
F&F,383220,섬유의복,683,2.95,3.25,2.7,2.8,3.05,2.45,1.78,1.88,1.79
GKL,114090,서비스업,254,2.33,2.34,3.1,1.79,1.74,1.6,2.01,2.02,1.98
GS,078930,기타금융,3564,3.7,3,3.5,3.4,2.7,3.3,0.65,0.74,0.25
GS건설,006360,건설업,1741,2.97,2.91,3.1,2.97,2.76,2.11,1.82,1.77,1.7
GS글로벌,001250,유통업,233,2.75,3,2.75,2.2,2.9,2.15,1.56,1.62,1.46
GS리테일,007070,유통업,4719,3.4,2.88,3.35,3.23,2.6,2.95,1.1,1.17,0.8
HDC,012630,기타금융,147,2.8,3.1,3.3,2.6,2.6,2.3,0.3,0.35,0.09
HDC랩스,039570,건설업,148,2.34,2.28,2.92,2.08,2.18,1.82,1.46,1.52,1.42
HDC현대EP,089470,화학,229,2.44,2.19,3.24,2.31,2.49,2.06,1.24,1.33,1.17
HDC현대산업개발,294870,건설업,442,3.1,2.74,3.43,3,3.02,2.12,2.5,2.49,2.45
HD한국조선해양,009540,기타금융,307,3.06,2.86,3.7,2.8,2.82,2.3,2.52,2.54,2.5
HD현대,267250,기타금융,184,3.1,3,3.8,3,2.3,2.2,0.54,0.29,0.07
HD현대에너지솔루션,322000,전기전자,149,2.38,2.26,2.72,2.2,2.3,1.86,0.97,0.97,0.94
HD현대인프라코어,042670,기계,1263,3.42,3.58,3.82,3.6,3.14,2.58,1.71,1.7,1.49
HD현대일렉트릭,267260,전기전자,406,2.81,2.75,3.72,2.5,2.6,2.3,1.67,1.78,1.61
HL만도,204320,운수장비,1083,2.98,3.18,2.85,2.68,3.15,2.1,2.29,2.26,2.24
HMM,011200,운수창고업,300,3.32,2.63,3.99,3.02,3.11,2.14,3.23,3.23,3.23
HSD엔진,082740,기계,175,3.35,3.31,3.49,3.15,3.15,2.59,1.8,1.86,1.69
JW생명과학,234080,의약품,166,3.13,3.25,3.16,2.98,2.95,2.55,1.26,1.32,1.05
JW중외제약,001060,의약품,1062,2.63,2.64,2.85,2.26,2.73,2.05,1.14,1.15,1
JW홀딩스,096760,기타금융,139,2.96,2.64,3.26,2.59,2.96,2.3,1.24,1.3,1.12
KC그린홀딩스,009440,기타금융,36,3.66,3.07,4.24,3.69,3.26,3.64,2.93,3.1,2.99
KC코트렐,119650,기계,92,3.49,3.05,3.93,3.3,3.14,2.95,1.88,1.87,1.74
KEC,092220,전기전자,340,2.43,2.37,2.33,2.07,2.67,1.9,0.94,0.94,0.86
KG모빌리티,003620,운수장비,577,2.81,2.92,3.83,2.62,2.94,1.72,1.38,1.31,1.24
KG스틸,016380,철강금속,108,2.42,2.32,2.72,2.23,2.62,1.83,2.39,2.39,2.39
KG케미칼,001390,화학,189,2.22,1.8,2.57,2.22,2.15,1.92,0.52,0.63,0.55
"KH 필룩스",033180,전기전자,121,2.23,1.81,2.77,2.07,2.21,1.81,0.5,0.54,0.43
KPX케미칼,025000,화학,196,2.51,2.61,2.73,2.38,2.77,1.74,0.87,0.84,0.8
KR모터스,000040,운수장비,49,2.02,1.73,2.42,2.23,2.21,1.73,0.14,0.3,0.12
KSS해운,044450,운수창고업,63,4.24,4.1,3.81,3.94,4.13,3.76,1.2,1.23,1.17
KTcs,058850,서비스업,1438,2.68,2.44,3.22,2.62,2.34,2.32,0.69,0.81,0.56
LF,093050,섬유의복,2443,3.29,2.74,3.94,3.37,3.09,2.58,1.23,1.2,0.97
LG,003550,기타금융,6373,3.09,2.99,3.09,3.19,2.99,2.49,0.49,0.51,0.22
LG디스플레이,034220,전기전자,7258,3.05,3.19,2.85,2.85,3,2.45,1.73,1.77,1.63
LG생활건강,051900,화학,2240,2.69,2.38,3.24,2.69,2.49,2.09,1.39,1.39,1.28
LG에너지솔루션,373220,전기전자,1974,3.78,3.1,3.76,3.78,3.89,3.1,3.43,3.44,3.43
LG유플러스,032640,통신업,3553,3.29,3.07,3.6,3.33,2.86,2.61,1.74,1.76,1.6
LG이노텍,011070,전기전자,4553,3.32,3.4,2.96,3.22,2.94,2.96,1.57,1.63,1.5
LG전자,066570,전기전자,13011,2.69,2.49,3,2.74,2.59,2.14,1.41,1.42,1.28
LG헬로비전,037560,서비스업,725,2.67,2.73,3,2.77,2.63,2.2,1.04,1.12,0.95
LG화학,051910,화학,5147,3.26,2.89,3.44,3.16,3.28,2.55,2.1,2.08,2.02
LS,006260,기타금융,1198,3.01,3,2.82,2.8,2.51,2.7,0.47,0.68,0.29
LS네트웍스,000680,유통업,222,3,2.7,3.78,3.08,2.78,2.38,0.94,0.86,0.67
LS전선아시아,229640,기타금융,676.32,2.75,2.69,2.92,2.54,2.59,2.25,1.29,1.3,1.14
LX세미콘,108320,전기전자,988,3.14,3.02,2.96,3.06,3.41,2.35,2.5,2.54,2.51
LX인터내셔널,001120,유통업,544,3.28,3.49,3.41,3.21,3.28,2.54,1.78,1.78,1.62
LX하우시스,108670,화학,1491,3.03,3.18,3.66,2.98,2.72,2.12,1.84,1.8,1.69
NAVER,035420,서비스업,4622,3.8,3.84,3.43,3.67,3.76,3,2.72,2.67,2.63
NICE,034310,서비스업,518,3.3,3.5,3.6,3.2,2.4,2.6,0.56,0.45,0.29
OCI홀딩스,010060,화학,419,3.06,2.67,3.69,2.84,3.09,2.27,2.66,2.65,2.6
POSCO홀딩스,005490,철강금속,4310,2.6,2.84,2.59,2.2,2.56,1.86,1.6,1.55,1.47
S-Oil,010950,화학,391,3.35,3.72,3.66,2.79,2.76,2.19,3.28,3.29,3.28
SBS,034120,서비스업,702,3.3,3.22,2.95,3.02,2.67,2.62,1.32,1.23,1.04
SGC에너지,005090,전기가스업,81,3.11,3.33,2.72,2.54,3.11,2.41,3.04,3.04,3.04
SG글로벌,001380,운수장비,168,2.51,2.62,2.75,1.97,2.55,2.05,0.87,0.95,0.73
SG세계물산,004060,유통업,266,2.38,1.94,2.69,2.14,2.44,1.86,0.62,0.6,0.46
SH에너지화학,002360,화학,47,2.67,2.1,3.23,2.6,2.87,2.07,0.89,0.84,0.73
SIMPAC,009160,철강금속,207,2.53,2.67,2.6,2.57,2.51,2.4,0.63,0.83,0.49
SK,034730,기타금융,3388,3.42,3.22,3.22,3.35,3.35,2.88,1.03,1.06,0.75
SKC,011790,화학,730,3.55,3.43,3.65,3.65,3.2,2.77,1.34,1.29,1.06
SK가스,018670,유통업,291,3.42,3.38,3.26,3.06,3.04,2.86,2.42,2.41,2.32
SK네트웍스,001740,유통업,362,3.33,3.3,3.7,3.53,3.03,2.73,1.43,1.49,1.25
SK디스커버리,006120,기타금융,37,3.64,3.64,3.44,3.51,3.74,3.15,3.53,3.53,3.53
SK디앤디,210980,서비스업,214,3.06,3.14,3.15,2.69,3.08,2.54,2.13,2.17,2.08
SK렌터카,068400,서비스업,230,2.81,2.44,3.27,2.76,2.52,2.3,1.75,1.81,1.74
SK바이오사이언스,302440,의약품,586,3.35,3.44,2.95,3.35,3.36,2.7,2.07,2.09,2
SK아이이테크놀로지,361610,전기전자,48,4.13,4.23,3.9,4.17,3.63,3.57,3,2.98,2.9
SK오션플랜트,100090,철강금속,156,2.31,1.8,2.33,2.16,2.57,2.06,1.03,1.17,1.08
SK이노베이션,096770,화학,2341,3.33,3.43,3.33,3.31,3.25,2.88,2.81,2.8,2.76
SK케미칼,285130,화학,1060,3.25,2.94,3.27,3.35,3.1,2.69,2,2.03,1.9
SK하이닉스,000660,전기전자,6675,3.01,3.33,2.82,2.81,2.81,2.44,2.16,2.15,2.1
SNT모티브,064960,운수장비,207,2.72,2.67,3.05,2.64,2.75,2.13,1.16,1.16,1.09
SPC삼립,005610,음식료품,633,2.54,2.62,2.42,2.22,2.54,1.98,1.19,1.23,1.17
STX,011810,유통업,452,2.7,2.37,2.98,2.85,2.99,1.99,0.46,0.6,0.39
STX엔진,077970,기계,313,3.21,2.81,3.93,3.23,3.03,2.27,1.64,1.58,1.44
STX중공업,071970,기계,436,2.66,2.22,3.38,3.08,2.9,1.8,0.63,0.68,0.56
SUN&L,002820,종이목재,260,2.03,2.1,2.51,2,1.94,1.72,0.42,0.44,0.28
TCC스틸,002710,철강금속,40,2.35,2.38,3.54,2.24,2.25,1.94,1.74,1.79,1.72
TYM,002900,기계,305,2.8,3.04,3.1,2.44,2.47,2.17,1.1,1.09,0.84
가온전선,000500,전기전자,183,3.24,2.9,3.58,2.94,2.83,2.61,1.75,1.78,1.57
강남제비스코,000860,화학,353,2.8,2.57,3.2,2.4,2.7,2.1,1.12,1.09,0.94
강원랜드,035250,서비스업,519,3.6,3.91,3.63,2.65,2.85,2.51,2.04,1.92,1.8
경농,002100,화학,275,2.84,2.73,2.7,2.36,2.81,2.39,1.27,1.36,1.12
경동나비엔,009450,전기전자,1179,2.7,2.9,2.35,2.4,2.7,2.3,1.61,1.69,1.63
경동도시가스,267290,전기가스업,48,4.46,4.38,4.69,4.04,3.54,3.76,3.04,2.9,2.79
경동인베스트,012320,기타금융,4,4.25,4.25,4.5,3.75,4,3.75,2.5,2.5,2.25
경방,000050,유통업,119,2.26,1.9,2.69,2.34,2.4,1.9,0.92,0.99,0.92
경인양행,012610,화학,354,2.66,2.49,2.91,2.49,2.59,2.39,1.15,1.26,1.08
계양전기,012200,기계,412,2.57,3.5,2.23,1.97,2.4,1.9,1,0.98,0.9
고려아연,010130,철강금속,537,3.2,3.13,3.06,2.54,3.16,2.7,2.05,2.07,2.04
고려제강,002240,철강금속,222,2.42,2.22,2.64,2.33,2.44,1.88,0.64,0.67,0.52
광동제약,009290,의약품,627,3.2,3.6,3.47,2.7,2.83,2.63,1.52,1.6,1.29
광명전기,017040,전기전자,64,2.46,2.09,2.76,2.32,2.97,1.97,0.54,0.46,0.31
광전자,017900,전기전자,287,2.38,1.85,3.04,2.4,2.08,1.77,0.48,0.53,0.39
교촌에프앤비,339770,유통업,320,2.99,3.36,3.32,2.46,2.59,2.01,1.56,1.55,1.48
국도화학,007690,화학,743,2.48,2.78,2.67,2.14,2.5,1.86,1.2,1.22,1.18
국동,005320,유통업,354,3.91,4.02,4.07,3.44,3.55,3.14,0.98,0.78,0.42
국보,001140,운수창고업,433,2.2,2.6,1.4,1.7,2.6,1.9,0.16,0.29,0.26
국제약품,002720,의약품,212,2.91,3.1,3.34,2.41,2.64,2.2,1.34,1.35,1.19
극동유화,014530,화학,38,3.63,3.73,3.98,2.92,3,3.04,2.05,2.05,1.7
금강공업,014280,철강금속,193,2.74,2.59,2.89,2.5,2.69,2.23,1.17,1.21,1.07
금양,001570,화학,115,2.68,2.73,2.31,2.23,2.71,2.32,0.57,0.7,0.47
금호건설,002990,건설업,447,3.05,2.65,2.8,3,3,2.3,1.8,1.78,1.7
금호에이치티,214330,운수장비,252,2.46,2.1,2.21,2.36,2.44,1.92,0.63,0.65,0.58
금호전기,001210,전기전자,146,2.44,1.92,3.12,2.5,2.04,1.94,0.47,0.57,0.35
금호타이어,073240,화학,1154,2.72,2.29,3.28,2.58,2.68,1.88,1.26,1.24,1.15
깨끗한나라,004540,종이목재,435,2.33,2.46,2.66,2.4,2.2,1.9,0.96,1,0.9
남광토건,001260,건설업,116,2.28,1.88,2.38,2.13,2.4,1.78,1.15,1.14,1.12
남선알미늄,008350,철강금속,113,2.84,2.65,3.53,2.76,2.72,2.15,1.52,1.56,1.42
남성,004270,유통업,112,2.3,2.2,2.2,2.2,2,1.8,0.15,0.16,0.11
남양유업,003920,음식료품,777,2.5,2.93,2.39,2.28,2.54,1.71,0.73,0.71,0.64
남해화학,025860,화학,159,3.64,3.6,3.8,3.2,3.14,2.54,2.54,2.5,2.37
넥센,005720,화학,527,2.69,2.89,2.8,2.31,2.6,2.18,0.61,0.65,0.54
넥센타이어,002350,화학,821,2.7,2.73,3.02,2.3,2.51,2.07,1.37,1.39,1.32
넷마블,251270,서비스업,2019,3.23,3.1,2.95,3.2,3.03,2.65,1.28,1.23,1.12
노루페인트,090350,화학,502,2.77,3.26,2.51,2.17,2.51,1.88,1.35,1.31,1.18
노루홀딩스,000320,기타금융,15,1.9,2.6,2.4,1.7,1.9,1.5,0.13,0.14,0.07
녹십자,006280,의약품,1745,3.05,2.5,3.5,2.8,2.9,2.44,1.81,1.81,1.69
녹십자홀딩스,005250,서비스업,101,3.3,2.88,3.67,2.81,3.07,3.19,1.29,1.43,1.13
농심,004370,음식료품,980,3.02,2.72,3.15,2.54,2.72,2.36,1.55,1.55,1.39
다스코,058730,기계,378,3.21,3.2,3.43,3.28,2.74,2.62,0.71,0.64,0.38
다우기술,023590,서비스업,871,3.44,3.38,3.48,3.16,3.2,2.68,1.73,1.67,1.53
다이나믹디자인,145210,기계,161,1.95,2.4,1.7,1.82,2.12,1.61,0.28,0.34,0.25
대교,019680,서비스업,1202,2.53,2.37,2.62,2.43,2.3,2.1,0.89,0.97,0.77
대구백화점,006370,유통업,206,2.48,2.18,2.28,2.28,2.38,1.78,0.33,0.36,0.19
대덕전자,353200,전기전자,971,3.02,3.22,2.8,2.62,2.55,2.44,1.5,1.55,1.41
대동,000490,기계,638,2,2.2,2,2,2.4,1.6,0.13,0.16,0.11
대림통상,006570,기계,85,2.65,2.36,3.39,2.31,2.21,1.89,0.83,0.83,0.72
대상,001680,음식료품,1436,3.4,3.1,3.5,3.15,3.25,2.75,2.07,2.05,1.89
대성산업,128820,유통업,521,2.5,2.27,2.93,2.48,2.23,1.87,0.88,0.86,0.75
대성에너지,117580,전기가스업,75,3.33,3.13,4.26,2.5,2.47,2.34,2.36,2.3,2.2
대양금속,009190,철강금속,37,2.26,2.18,2.29,2.09,2.09,1.91,0.49,0.54,0.36
대우건설,047040,건설업,1620,3.39,3.13,3.41,3.55,3.27,2.39,2.04,1.96,1.86
대웅,003090,의약품,1336,2.6,2.9,2.4,2.6,2.7,2.1,0.3,0.31,0.23
대웅제약,069620,의약품,2434,2.6,2.72,2.4,2.51,2.88,2.01,1.34,1.34,1.3
대원강업,000430,운수장비,269,2.91,3.74,2.56,2.24,2.85,2.25,1.11,1.11,0.98
대원전선,006340,전기전자,62,2.59,2.37,3.1,2.25,2.37,2.09,0.59,0.63,0.47
대원제약,003220,의약품,824,2.91,3.62,2.9,2.41,2.78,2.82,1.48,1.61,1.44
대원화성,024890,화학,37,2.63,1.7,3.46,2.78,2.25,2.12,0.59,0.71,0.5
대유에이텍,002880,운수장비,129,2.69,3.2,2.61,2.1,2.44,1.9,1.53,1.5,1.42
대유플러스,000300,전기전자,23,2,2.1,2.6,2.3,2.2,2.2,0.22,0.35,0.09
대창,012800,철강금속,87,2.77,2.8,3.19,2.46,2.44,2.38,0.87,0.99,0.68
대창단조,015230,운수장비,62,2.17,2.23,2.23,2.22,2.05,1.56,1.19,1.2,1.12
대한방직,001070,섬유의복,110,2.36,1.83,2.91,2.12,2.22,2.05,0.36,0.43,0.25
대한유화,006650,화학,345,3.35,3.49,3.51,2.71,3.05,2.59,2.25,2.23,2.14
대한전선,001440,전기전자,468,3,2.4,3.3,2.76,2.9,2.48,1.48,1.59,1.35
대한제강,084010,철강금속,175,3.36,3.41,3.36,2.98,2.98,2.9,1.19,1.28,0.96
대한제당,001790,음식료품,197,3.05,3.18,3.69,2.47,2.55,2.15,1.21,1.08,0.93
대한제분,001130,음식료품,129,2.7,2.87,2.97,2.27,2.44,2.07,1.84,1.81,1.74
대한항공,003490,운수창고업,2204,3.15,3.15,3.25,2.45,2.85,2,1.88,1.79,1.76
대한해운,005880,운수창고업,108,3.11,3.3,2.63,2.51,3.11,2.62,1.62,1.52,1.46
더블유게임즈,192080,서비스업,256,3.27,3.67,3.55,3.04,2.45,2.59,2.22,2.25,2.14
더존비즈온,012510,서비스업,2262,2.4,2.24,2.44,2.16,2.6,1.7,1.09,1.08,1.11
덕성,004830,화학,167,2.99,2.69,3.79,3.08,2.01,2.29,0.45,0.38,0.08
덕양산업,024900,운수장비,162,3.24,3.66,3.3,2.77,2.87,2.31,1.28,1.2,1.01
도화엔지니어링,002150,서비스업,679,2.95,3.01,2.44,2.35,3.21,2.26,1.57,1.59,1.48
동국홀딩스,001230,철강금속,325,3.3,3.5,3.3,2.9,3,2.9,0.6,0.7,0.22
동방,004140,운수창고업,261,2.44,2.16,2.99,2.29,2.21,1.87,0.87,0.86,0.83
동방아그로,007590,화학,26,3.04,3.28,2.85,2.63,2.85,2.72,0.8,0.75,0.39
동부건설,005960,건설업,339,3.2,3.15,2.8,3.15,3.21,2.4,1.89,1.91,1.83
동서,026960,유통업,378,3.98,4.04,4.17,3.35,3.47,3.05,1.23,1.04,0.71
동성케미컬,102260,서비스업,62,2.95,2.6,3.45,2.71,2.87,2.2,1.59,1.66,1.45
동아쏘시오홀딩스,000640,기타금융,82,3.48,3.16,3.74,3.35,3.14,2.78,1.46,1.4,1.14
동아에스티,170900,의약품,911,3.46,3.09,4.08,3.21,3,2.44,2.22,2.11,2.02
동아지질,028100,건설업,151,1.7,1.92,1.4,1.66,2.34,1.72,0.42,0.61,0.44
동아타이어,282690,화학,82,2.51,2.61,2.29,2.11,2.41,1.98,0.4,0.42,0.33
동양,001520,비금속광물,348,2.42,2.08,2.49,2.43,2.49,2.01,0.67,0.76,0.6
동양고속,084670,운수창고업,20,2.24,2.9,2.9,2.08,2.62,2.16,1.01,1.1,0.86
동양철관,008970,철강금속,62,2.76,2.69,2.97,2.49,2.63,2.29,0.49,0.66,0.36
동양피스톤,092780,운수장비,138,3,3.88,2.2,2.22,2.92,2.37,0.83,0.94,0.7
동원F&B,049770,음식료품,1439,2.34,2.41,2.03,2.04,2.73,1.88,0.79,0.84,0.75
동원산업,006040,기타금융,299,2.23,2.07,1.87,1.97,2.77,2,0.84,1.08,0.83
동원시스템즈,014820,화학,338,2.17,1.97,1.87,2,2.5,1.83,0.8,0.87,0.87
동일고무벨트,163560,화학,81,2.8,2.8,3.3,2.7,2.7,2.3,0.46,0.41,0.23
동화약품,000020,의약품,425,3.52,3.62,3.87,2.96,2.79,2.57,1.84,1.82,1.65
두산,000150,기타금융,1360,3.3,3.18,3.96,3.44,2.84,2.48,1.02,0.95,0.75
두산에너빌리티,034020,기계,1877,3.18,2.91,4.04,3.33,2.8,2.29,1.52,1.47,1.33
두올,016740,운수장비,214,2.68,2.08,2.82,2.63,2.8,2.27,0.97,1.09,0.89
드림텍,192650,전기전자,229,2.4,2.23,2.8,2.33,2.4,2.03,1.04,1.12,1.01
디아이,003160,의료정밀,1677,3.38,3.76,3.12,3.17,2.98,2.68,0.68,0.67,0.59
디아이씨,092200,운수장비,196,1.99,1.83,2.07,1.82,2.14,1.56,0.55,0.58,0.53
디와이파워,210540,기계,100,2.6,3,2.45,2.63,2.27,2.18,0.8,0.83,0.68
락앤락,115390,화학,703,2.63,2.36,3.17,2.4,2.57,1.8,1.07,1.06,0.91
롯데관광개발,032350,서비스업,375,1.88,1.57,1.68,1.68,2.02,1.5,0.37,0.44,0.34
롯데렌탈,089860,서비스업,780,3.15,2.7,3.6,3.2,2.7,2.41,1.78,1.76,1.68
롯데쇼핑,023530,유통업,2847,2.8,2.76,2.85,2.5,2.55,2.2,1.5,1.55,1.4
롯데에너지머티리얼즈,020150,전기전자,201,2.59,2.17,2.34,2.16,2.92,2.03,1,1.02,1.06
롯데웰푸드,280360,음식료품,855,2.51,2.34,2.59,2.39,2.59,2.05,0.69,0.74,0.59
롯데정밀화학,004000,화학,275,3.31,3.21,4.1,2.98,2.67,2.28,2.26,2.21,2.11
롯데정보통신,286940,서비스업,2733,2.65,2.39,3.21,2.55,2.43,2.04,1.53,1.56,1.46
롯데지주,004990,기타금융,27,3.85,3.68,3.93,3.37,3.8,3.33,3.33,3.33,3.33
롯데케미칼,011170,화학,1624,2.87,2.9,3.13,2.57,2.9,2.14,1.98,1.97,1.91
마니커,027740,음식료품,156,2.36,2.14,2.3,2.38,2.52,1.98,0.55,0.66,0.46
메타랩스,090370,섬유의복,40,2.6,2.78,3.15,2.7,2.38,2.22,1.02,1.1,0.93
명문제약,017180,의약품,222,2.22,2.62,2.92,2,1.9,1.6,0.71,0.64,0.6
명신산업,009900,운수장비,34,2.71,2.81,2.51,2.41,2.9,2.4,0.94,1.18,1
모나미,005360,유통업,314,2.02,1.58,2.89,1.92,1.98,1.77,0.43,0.54,0.36
모토닉,009680,운수장비,187,2.3,2.08,2.18,2.16,2.64,1.88,0.54,0.58,0.46
무림P&P,009580,종이목재,294,3.08,3.5,3.2,2.58,2.81,2.42,1.99,2.03,1.81
무림페이퍼,009200,종이목재,353,2.95,3.5,2.89,2.5,2.75,2.35,1.67,1.71,1.52
미래산업,025560,의료정밀,88,2.43,1.71,2.94,2.87,2.36,2,0.37,0.49,0.31
미래아이앤지,007120,서비스업,29,2.42,2,2.55,2.55,2.52,2,0.21,0.31,0.24
미원상사,002840,화학,336,3.21,3.34,2.81,2.81,2.99,2.91,1.77,1.84,1.77
미원에스씨,268280,화학,109,3,3.3,2.9,2.4,2.6,2.7,0.43,0.54,0.45
바다로19호,155900,서비스업,897.75,2.86,2.75,3.07,2.73,2.62,2.24,1.34,1.36,1.23
백광산업,001340,화학,57,3.73,3.89,3.66,3.16,3.2,3.1,1.76,1.79,1.71
백산,035150,화학,100,2.82,2.22,3.24,2.77,2.85,1.98,0.66,0.73,0.58
범양건영,002410,건설업,52,2.4,2.49,2.43,1.94,2.2,2.04,1.18,1.38,1.18
벽산,007210,비금속광물,260,2.72,2.63,3.09,2.68,2.7,2.21,1.29,1.31,1.17
보령,003850,의약품,1143,3.19,3.55,3.18,2.89,3.04,2.61,1.78,1.77,1.68
보해양조,000890,음식료품,100,2.48,2.62,2.8,2.34,2.18,1.98,0.57,0.68,0.42
부광약품,003000,의약품,377,2.83,2.33,3.6,2.53,2.4,2.17,1.18,1.17,1.05
부산산업,011390,비금속광물,20,3.3,4,3.6,2.6,3,2.4,0.65,0.5,0.2
비비안,002070,섬유의복,272,2.35,2.07,2.93,2.2,2.23,1.73,0.74,0.77,0.66
비상교육,100220,서비스업,1104,3.1,2.7,3.4,3.17,2.63,2.44,1.35,1.38,1.1
비에이치,090460,전기전자,470,2.25,2.2,1.97,1.98,2.27,1.85,0.49,0.58,0.53
빙그레,005180,음식료품,800,3.35,3.44,3.41,2.98,2.81,2.57,1.62,1.66,1.41
사조대림,003960,음식료품,406,2.3,1.98,2.34,2.02,2.52,1.78,1.05,1.07,1.02
사조동아원,008040,음식료품,108,2.47,2.29,2.6,2.3,2.37,1.83,0.95,0.97,0.84
사조산업,007160,"농업, 임업 및 어업",130,1.64,1.78,1.7,1.58,2.31,1.54,0.48,0.5,0.44
삼부토건,001470,건설업,116,3.36,3.02,3.67,3.34,3.2,2.51,2.09,2.04,2.01
삼성SDI,006400,전기전자,3005,3.31,3.52,3.1,3.11,3.05,2.56,1.8,1.79,1.75
삼성공조,006660,운수장비,152,1.71,1.4,1.69,2,1.92,1.49,0.13,0.14,0.06
삼성물산,028260,유통업,1900,3.36,3.79,3.1,3.16,3.18,2.52,2.21,2.17,2.08
삼성바이오로직스,207940,의약품,2302,3.51,3.42,3.3,3.51,3.26,2.72,2.41,2.39,2.4
삼성에스디에스,018260,서비스업,4109,3.4,3.8,3.71,3.3,2.94,2.34,2.02,1.91,1.85
삼성엔지니어링,028050,서비스업,1606,3.07,3.24,2.94,2.97,2.86,2.14,1.49,1.51,1.37
삼성전기,009150,전기전자,2194,3.43,3.76,3.15,3.28,3.08,2.98,1.83,1.85,1.72
삼성전자,005930,전기전자,20990,3.62,3.97,3.1,3.38,3.38,2.85,2.36,2.34,2.27
삼성중공업,010140,운수장비,3168,2.55,2.38,3.17,2.59,2.53,1.81,1.06,1.06,0.97
삼아알미늄,006110,철강금속,85,2.94,2.5,3.68,2.91,2.71,2.37,1.36,1.39,1.25
삼양사,145990,음식료품,758,3.05,2.74,3.51,2.85,2.79,2.44,1.85,1.84,1.69
삼양식품,003230,음식료품,1017,2.6,2.06,3.23,2.51,2.61,1.86,1.28,1.26,1.25
삼양통상,002170,기타제조업,67,1.94,2.12,1.69,1.6,2.32,1.63,0.3,0.42,0.28
삼양패키징,272550,화학,129,3.11,3.21,2.76,2.86,2.86,2.56,1.93,1.94,1.88
삼양홀딩스,000070,기타금융,212,2.88,2.7,3.08,2.74,2.76,2.46,1.88,1.92,1.83
삼영,003720,화학,413,2.42,2.02,2.48,2.02,1.88,1.64,0.4,0.34,0.27
삼영무역,002810,유통업,30,2.15,2.41,4.07,2,1.99,1.67,0.37,0.39,0.27
삼익THK,004380,기계,318,3.25,3.2,3.3,2.8,2.95,2.5,1.87,1.87,1.73
삼익악기,002450,기타제조업,174,2.06,1.84,2.36,1.86,1.93,1.53,0.51,0.46,0.4
삼일씨엔에스,004440,비금속광물,41,2.24,2.09,2.65,2.09,2.09,1.85,1.25,1.28,1.2
삼일제약,000520,의약품,348,2.89,2.92,3.32,2.53,2.61,2.06,1.54,1.52,1.38
삼진제약,005500,의약품,299,3.28,3.83,3.78,2.58,2.49,2.53,1.82,1.78,1.68
삼천리,004690,전기가스업,246,3.66,3.9,4.26,2.95,2.74,2.55,2.31,2.28,2.06
삼호개발,010960,건설업,201,2.42,2.52,1.62,1.98,2.87,2.12,0.61,0.76,0.56
삼화왕관,004450,기계,91,2.62,2.76,2.31,2.46,2.4,2.05,0.58,0.54,0.38
삼화전기,009470,전기전자,114,2.6,2.4,2.6,2.3,2.2,2.4,0.28,0.41,0.16
상신브레이크,041650,운수장비,154,3.31,3.74,3.32,3.04,3.06,2.65,1.74,1.76,1.49
새론오토모티브,075180,운수장비,162,1.98,2.78,2.15,1.68,2.05,1.75,0.61,0.57,0.52
샘표,007540,기타금융,1012,2.6,1.67,3.43,2.91,2.4,2.14,0.95,0.97,0.85
샘표식품,248170,음식료품,1012,2.6,1.67,3.43,2.91,2.4,2.14,0.95,0.97,0.85
서연,007860,기타금융,642,2.02,2.22,2.02,2.01,2.41,1.62,0.16,0.19,0.14
서연이화,200880,운수장비,241,3.34,3.73,3.14,2.66,3.14,2.43,2.15,2.07,2
서흥,008490,화학,359,2.5,2.82,2.66,2,2.44,2.12,0.74,0.83,0.72
선도전기,007610,전기전자,49,2.47,1.92,3.01,2.22,2.26,2.05,0.68,0.72,0.47
선진,136490,음식료품,546,3.09,3.2,2.69,2.54,2.99,2.55,1.73,1.82,1.71
성보화학,003080,화학,49,3.24,2.93,3.84,2.84,2.77,2.64,1.54,1.52,1.3
성신양회,004980,비금속광물,176,2.66,3.17,2.65,2.01,2.51,1.98,1.34,1.34,1.2
성안,011300,섬유의복,68,2.4,2.23,2.27,2.51,2.56,2.26,0.35,0.54,0.28
성창기업지주,000180,서비스업,160,2.01,2.1,2.66,1.81,2.19,1.61,0.37,0.4,0.29
세방,004360,운수창고업,542,2.65,3.24,2.58,2.15,2.53,2.13,0.97,0.98,0.86
세방전지,004490,전기전자,598,2.6,3.16,2.67,2.1,2.43,2.03,1.07,1.08,0.98
세아베스틸지주,001430,철강금속,283,3.41,3.6,3.26,3.01,3.25,3.09,2.18,2.24,2
세아특수강,019440,철강금속,141,3.22,3.34,3.16,2.72,3.04,2.78,1.63,1.68,1.48
세아홀딩스,058650,철강금속,33,4.16,3.78,4.28,4.22,3.7,4.14,3.03,3.02,2.79
세우글로벌,013000,유통업,25,1.94,2.08,2.4,2.1,2.24,1.67,0.72,0.7,0.77
세원이앤씨,091090,기계,227,2.57,2.43,2.86,2.74,2.38,1.97,0.41,0.41,0.28
세종공업,033530,운수장비,215,3.1,2.95,3.4,2.4,2.85,2.3,1.75,1.83,1.66
세진중공업,075580,운수장비,289,2.42,2.35,2.42,2.32,2.4,1.87,0.7,0.73,0.66
셀트리온,068270,의약품,1642,3.35,3.7,2.81,2.89,3.51,2.49,2.02,2.02,1.99
솔루스첨단소재,336370,전기전자,89,3.42,3.34,3.98,3.14,3.34,2.42,2.75,2.71,2.74
솔루엠,248070,전기전자,304,3,2.43,3.24,2.97,2.98,2.41,1.56,1.58,1.52
송원산업,004430,화학,138,3.75,3.65,4.09,3.26,3.26,2.91,2.16,2.12,1.95
수산인더스트리,126720,건설업,537,3.26,3.1,3.69,2.9,2.69,2.57,1.43,1.43,1.26
수산중공업,017550,기계,212,2.93,2.65,2.92,2.81,2.89,2.31,1.47,1.55,1.33
신대양제지,016590,종이목재,31,2.81,2.76,3.16,2.71,2.66,2.51,1.88,1.88,1.71
신도리코,029530,전기전자,729,2.5,2.55,3.3,2.37,2.12,1.87,0.76,0.74,0.6
신라교역,004970,"농업, 임업 및 어업",124,2.31,2.89,2.3,1.86,2.21,1.74,1.14,1.14,0.99
신성이엔지,011930,전기전자,520,2.56,2.17,2.72,2.47,2.77,2.17,0.96,1.03,0.9
신세계,004170,유통업,1186,3.4,3.45,3.84,2.96,2.8,2.76,1.92,1.9,1.73
신세계인터내셔날,031430,유통업,1244,3.45,3.5,3.89,3.1,2.99,2.75,2.04,2.02,1.85
신세계푸드,031440,서비스업,942,2.92,3.25,2.98,2.62,2.5,2.45,1.34,1.4,1.19
신송홀딩스,006880,유통업,27,2.1,2.34,2.42,1.95,2.26,2,1.21,1.28,1.17
신영와코루,005800,섬유의복,361,2.13,1.92,2.57,1.83,2.02,1.82,0.51,0.59,0.41
신원,009270,섬유의복,697,2.61,2.98,2.28,2.24,2.76,2.1,1.25,1.24,1.13
신풍,002870,유통업,335,2.5,2.4,2.7,2.2,2.4,2,0.27,0.29,0.1
신풍제약,019170,의약품,495,2.57,2.37,2.9,2.2,2.47,2.03,1.05,1.07,0.94
신흥,004080,유통업,588,2.2,2.66,2.04,1.89,2.2,1.69,0.44,0.44,0.39
쌍방울,102280,섬유의복,243,1.97,1.65,2.52,2.24,1.78,1.57,0.32,0.37,0.23
써니전자,004770,전기전자,11,2.5,2.7,3,2.6,2.4,2.1,0.18,0.18,0.09
쏘카,403550,서비스업,748,3.15,2.35,3.7,3.4,3.1,2.65,1.88,1.91,1.84
씨아이테크,004920,기타제조업,23,2.14,1.67,3.58,2.1,2.28,1.65,0.58,0.62,0.49
씨에스윈드,112610,기계,45,3.38,3.83,3.44,2.67,3.03,2.68,1.96,1.98,1.82
아남전자,008700,전기전자,128,1.92,1.69,2.01,1.89,2.04,1.66,0.41,0.41,0.34
아모레퍼시픽,090430,화학,3374,3.5,3.31,4.04,3.55,2.95,2.61,2.02,1.96,1.8
아세아,002030,서비스업,164,2,2.2,1.6,1.8,2.5,1.8,0.15,0.2,0.18
아세아시멘트,183190,비금속광물,58,3.52,3.72,3.57,2.82,2.87,3.15,1.3,1.46,1.02
아세아제지,002310,종이목재,51,3.14,3.5,3.06,2.68,2.92,2.68,1.04,1.11,0.9
아센디오,012170,서비스업,45,1.6,1.4,1.6,1.7,1.6,1.5,0.09,0.11,0.09
아시아나항공,020560,운수창고업,1462,2.79,2.73,3.45,2.64,2.4,1.73,1.6,1.5,1.46
아이마켓코리아,122900,유통업,423,3.22,3.28,3.55,3.08,2.78,2.7,1.19,1.2,0.86
아이에스동서,010780,비금속광물,385,3.12,3.51,2.94,2.53,2.99,2.52,1.74,1.75,1.66
아주스틸,139990,철강금속,277,2.73,2.74,2.19,2.54,2.83,2.39,1.42,1.55,1.46
알루코,001780,철강금속,48,2.33,2.12,2.02,2.18,2.38,1.81,0.69,0.71,0.65
애경산업,018250,화학,745,2.84,2.6,3.02,2.78,2.72,2.16,1.29,1.27,1.13
애경케미칼,161000,화학,275,2.69,2.49,3.1,2.45,2.69,2.09,1.52,1.54,1.44
에넥스,011090,기타제조업,353,2.17,2.05,2.59,1.85,2.2,1.62,0.67,0.68,0.61
에스엘,005850,운수장비,1373,2.81,3.17,2.44,2.47,2.94,2.03,1.47,1.43,1.37
에스엠벡셀,010580,운수장비,86,1.78,1.98,2.08,1.91,1.88,1.48,0.46,0.53,0.42
에스원,012750,서비스업,1695,2.84,2.93,2.97,2.5,2.46,2.18,1.37,1.41,1.28
에쓰씨엔지니어링,023960,건설업,98,2.15,1.85,2.75,2.17,2.3,1.91,0.83,0.88,0.74
에이블씨엔씨,078520,화학,921,2.5,2.45,2.98,2.4,2.47,1.77,0.84,0.86,0.73
에이엔피,015260,전기전자,68,2.5,2.69,2.79,2.53,2.18,1.89,0.36,0.44,0.22
에이프로젠,007460,기계,651,2.57,2.2,2.95,2.61,2.91,2.06,1.62,1.67,1.6
에이프로젠바이오로직스,003060,의약품,282,2.4,2.2,2.5,2.5,2.8,2,0.2,0.33,0.16
에이플러스에셋,244920,기타금융,227,2.13,1.66,2.46,2.02,2.2,1.72,0.8,0.89,0.82
엔씨소프트,036570,서비스업,2766,3.6,3.94,3.46,3.24,3.08,2.58,2.41,2.4,2.25
엔케이,085310,기계,250,2.98,2.51,3.47,2.78,2.81,2.57,0.54,0.64,0.48
엠씨넥스,097520,전기전자,745,1.93,1.55,2.05,2.13,2.25,1.63,0.5,0.57,0.58
영보화학,014440,화학,18,2.91,3.09,3.02,2.53,2.53,2.15,0.44,0.55,0.22
영원무역,111770,유통업,418,2.61,2.29,3.14,2.29,2.61,2.07,1.28,1.27,1.16
영원무역홀딩스,009970,기타금융,5,2.6,2.6,3.4,2.4,2.8,2.2,0.4,0.4,0.2
영풍,000670,철강금속,699,2.04,2.04,1.91,1.94,2.2,1.7,0.43,0.51,0.37
영풍제지,006740,종이목재,24,2.35,2.48,2.83,2.12,2.31,1.97,0.75,0.85,0.71
영흥,012160,철강금속,93,2.93,2.8,3.37,2.73,2.57,2.17,1.17,1.11,0.95
오뚜기,007310,음식료품,1346,2.54,2.43,2.58,2.24,2.74,2.13,1.11,1.2,1.12
오리온,271560,음식료품,586,2.82,2.86,2.64,2.5,2.76,2.28,1.36,1.4,1.32
오리온홀딩스,001800,기타금융,586,2.82,2.86,2.64,2.5,2.76,2.28,1.36,1.4,1.32
와이투솔루션,011690,전기전자,70,2.23,1.61,2.39,2.36,2.37,2.06,0.3,0.42,0.27
용평리조트,070960,서비스업,227,2.77,2.74,2.71,2.56,2.29,2.31,0.59,0.66,0.34
우성,006980,음식료품,138,2.5,2.63,2.58,2.22,2.61,2.12,0.46,0.46,0.33
우신시스템,017370,기계,119,2.36,2.14,2.04,2.42,2.94,1.92,0.64,0.68,0.59
우진,105840,의료정밀,360,2.08,1.64,2.06,2.08,2.21,1.74,0.31,0.45,0.33
우진아이엔에스,010400,건설업,34,2.63,2.17,2.65,2.8,2.71,2.23,0.65,0.77,0.44
우진플라임,049800,기계,361,2.04,1.63,1.95,2.03,2.24,1.73,0.27,0.41,0.29
웅진,016880,서비스업,1108,3.16,2.81,3.31,3.27,2.81,2.73,0.87,0.95,0.57
웅진씽크빅,095720,서비스업,1214,3.22,2.88,3.41,3.28,2.8,2.78,1.13,1.21,0.86
원림,005820,섬유의복,9,2.23,2.2,3.13,1.69,2.92,1.92,0.55,0.7,0.55
웰바이오텍,010600,유통업,18,2.34,1.99,3.29,2.1,1.94,2.02,1.12,1.29,1.12
윌비스,008600,유통업,197,2.58,2.21,3.06,2.34,2.31,2.24,0.84,0.91,0.71
유니드,014830,화학,147,2.57,3.2,2.98,2.2,2.49,2.05,1.56,1.53,1.51
유니온,000910,비금속광물,152,2.39,1.99,2.9,2.39,2.4,2.1,0.31,0.46,0.25
유니온머티리얼,047400,비금속광물,103,3.25,3.4,3.9,2.65,2.95,1.85,1.94,1.84,1.74
유니켐,011330,기타제조업,9,2.2,2.4,3.4,2,2.3,2,0.11,0.22,0.22
유니퀘스트,077500,유통업,82,3.43,2.7,3.64,3.08,3.31,2.75,1.98,2,1.85
유수홀딩스,000700,서비스업,7,3.04,3.17,4.3,2.74,2.57,2.41,1.44,1.3,1.3
유엔젤,072130,서비스업,227,3.06,2.98,3.4,2.74,2.8,2.22,0.9,0.98,0.63
유유제약,000220,의약품,332,2.83,2.77,3.36,2.63,2.6,2.53,1.24,1.45,1.1
유한양행,000100,의약품,801,3.4,3.9,3.06,2.45,3.1,2.3,2.08,2.04,1.95
율촌화학,008730,화학,207,2.95,3.05,3,2.45,2.8,2.4,1.73,1.7,1.56
이건산업,008250,종이목재,107,2.8,2.57,3.06,2.73,2.67,1.97,1.99,1.97,1.94
이노션,214320,서비스업,847,3.25,3.41,2.74,2.96,3.25,2.35,1.84,1.78,1.65
이마트,139480,유통업,3634,3.4,3.3,3.56,3.07,2.64,2.74,1.4,1.46,1.19
이수페타시스,007660,전기전자,211,3.1,3.52,2.82,2.46,2.92,2.38,1.47,1.47,1.35
이아이디,093230,유통업,42,2.82,2.34,2.94,2.65,2.79,2.22,0.69,0.9,0.62
이엔플러스,074610,기계,7,2.57,2,3.11,2.4,2,2.26,0.71,0.71,0.57
이연제약,102460,의약품,410,2,1.9,2.53,2.03,2.15,1.93,0.7,0.91,0.7
이화산업,000760,유통업,25,2.09,2.49,2,1.82,2.62,1.53,0.32,0.44,0.32
인디에프,014990,섬유의복,303,2.46,2.54,2.9,2.17,2.24,1.8,0.98,1,0.84
인스코비,006490,통신업,44,2.53,2.25,3.47,2.27,2.23,2.09,0.85,0.91,0.8
인지컨트롤스,023800,운수장비,566,2.16,1.67,2.24,2.2,2.74,1.8,0.75,0.77,0.73
인터지스,129260,운수창고업,213,2.46,2.62,2.79,2.3,2.52,2.02,1.1,1.18,1.05
인팩,023810,운수장비,423,2.74,2.35,2.69,2.5,2.8,2.35,1.53,1.66,1.55
일동제약,249420,의약품,985,3.29,3.9,3.28,2.84,3,2.51,1.85,1.87,1.69
일성건설,013360,건설업,159,3.35,3.35,3.55,3,3.05,2.8,2.01,2.03,1.89
일신방직,003200,섬유의복,113,2.76,2.14,3.53,2.69,2.52,2.26,0.76,0.73,0.65
일양약품,007570,의약품,649,2.4,2.73,2.39,1.94,2.37,1.88,0.84,0.86,0.79
일정실업,008500,섬유의복,45,1.69,1.64,2.09,1.89,1.62,1.53,0.25,0.25,0.2
일진다이아,081000,화학,207,2.55,2.32,2.66,2.25,2.45,2.03,0.61,0.67,0.53
일진디스플,020760,전기전자,250,2.46,2.56,2.21,2.36,2.35,2.26,0.41,0.56,0.29
일진전기,103590,전기전자,433,2.38,2.1,2.76,2.2,2.4,1.93,0.8,0.82,0.72
잇츠한불,226320,화학,228,2.55,2.85,3.53,2.53,2.47,1.85,0.89,0.94,0.73
자이에스앤디,317400,서비스업,252,3.12,2.56,3.54,3.1,2.94,2.74,1.57,1.64,1.59
자화전자,033240,전기전자,681,2.39,2.65,2.12,2.19,2.52,1.89,0.97,1.05,0.96
제이에스코퍼레이션,194370,기타제조업,84,2.13,2.2,1.87,2.12,2.21,1.85,0.39,0.5,0.41
제이준코스메틱,025620,화학,158,2.13,2.11,2.94,2.1,2.17,1.69,0.39,0.43,0.35
제일기획,030000,서비스업,1412,3.56,3.61,2.9,3.48,3.39,2.71,1.8,1.72,1.53
제일약품,271980,의약품,1311,2.64,2.74,2.95,2.3,2.51,1.92,1.2,1.17,1.09
제일연마,001560,비금속광물,23,2.62,2.9,2.47,2.39,2.35,2.39,0.97,1.33,0.93
제주항공,089590,운수창고업,928,3.04,2.59,3.07,2.79,2.89,2.43,1.86,1.89,1.8
조광페인트,004910,화학,260,3.1,2.94,3.53,2.7,2.77,2.44,1.18,1.29,1.02
조선내화,000480,비금속광물,154,2.88,3.44,3.12,2.35,2.59,2.28,1.08,1.1,0.83
조흥,002600,음식료품,87,3.03,2.8,3.37,2.53,2.73,2.43,1.29,1.33,1.23
종근당,185750,의약품,2407,3.4,3.83,3.16,2.86,3.45,2.71,2.27,2.24,2.22
종근당바이오,063160,의약품,409,3.1,3.2,3.18,2.5,2.75,2.31,1.63,1.66,1.51
주연테크,044380,전기전자,47,2.67,2.04,3.83,2.77,2.02,2.3,0.38,0.5,0.19
지누스,013890,기타제조업,90,3.81,3.91,3.81,3.48,3.62,3.52,2.48,2.47,2.42
지엠비코리아,013870,운수장비,189,3.07,2.87,2.77,2.6,3.17,2.43,1.35,1.4,1.26
지역난방공사,071320,전기가스업,666,3.89,3.59,4.25,3.44,3.15,2.73,2.39,2.27,2.13
지투알,035000,서비스업,22,3.9,3.58,4.22,3.66,3.32,3.24,2.46,2.44,2.32
진양산업,003780,화학,19,2.71,2.71,2.76,2.71,3.04,2.42,0.37,0.42,0.37
진원생명과학,011000,의약품,40,1.85,2.48,2.92,1.88,1.78,1.68,0.67,0.75,0.65
참엔지니어링,009310,기계,364,2.35,1.95,2.57,2.62,2.57,1.75,0.61,0.65,0.53
청호ICT,012600,기계,67,2.18,1.76,3.19,2.51,2.08,1.57,0.18,0.19,0.12
카카오,035720,서비스업,3315,3.6,3.17,4.17,3.84,3.4,2.67,2.56,2.47,2.46
카카오페이,377300,기타금융,856,3.55,3.09,3.62,3.55,3.54,2.4,2.73,2.72,2.7
케이비아이동국실업,001620,운수장비,131,2.36,2,2.36,2.34,2.76,1.9,1.43,1.47,1.38
케이씨,029460,의료정밀,1542,2.64,2.83,2.36,2.16,2.54,2.15,0.38,0.46,0.25
케이탑리츠,145270,서비스업,897.75,2.86,2.75,3.07,2.73,2.62,2.24,1.34,1.36,1.23
코리아써키트,007810,전기전자,1119,2.56,2.6,2.08,2.32,2.52,2.02,0.71,0.75,0.67
코스맥스,192820,화학,1245,2.91,3.21,2.61,2.48,3.02,2.34,1.52,1.65,1.57
코스모화학,005420,화학,133,2.7,2.57,2.93,2.91,2.92,2.3,1.05,1.12,1
코아스,071950,기타제조업,384,1.96,1.78,2.18,1.94,2.06,1.67,0.26,0.35,0.22
코오롱,002020,기타금융,628,3.21,3.2,3.43,2.91,3.08,2.52,0.69,0.6,0.29
코오롱글로벌,003070,건설업,486,3.31,3.24,3.35,3.18,3.11,2.81,1.66,1.68,1.41
코오롱인더,120110,화학,1281,3.2,3.15,3.56,2.9,2.99,2.45,1.96,1.92,1.77
코오롱플라스틱,138490,화학,196,3.05,3.15,3.35,2.85,2.85,2.4,1.75,1.76,1.72
코웨이,021240,서비스업,1394,3.04,3.04,3.38,2.98,2.7,2.32,1.46,1.44,1.35
콤텍시스템,031820,서비스업,339,2.9,2.43,2.75,2.67,2.98,2.4,1.04,1.06,0.9
쿠쿠홀딩스,192400,기타금융,18,2.2,2.7,2,1.9,1.9,1.4,0.28,0.33,0.28
쿠쿠홈시스,284740,서비스업,174,1.9,2.3,1.9,1.6,2.1,1.7,0.14,0.18,0.21
크라운해태홀딩스,005740,기타금융,243,1.83,1.43,2.34,1.69,2.53,1.43,1.55,1.56,1.55
크래프톤,259960,서비스업,809,3.53,3.87,3.13,3.47,3.3,2.77,2.61,2.59,2.52
태경비케이,014580,비금속광물,28,2.74,2.64,2.71,2.34,2.67,2.04,0.88,1.03,0.82
태경산업,015890,화학,33,2.83,3.03,2.92,2.89,2.85,2.24,0.55,0.67,0.52
태광산업,003240,화학,791,2.19,1.94,2.95,2.04,2.25,1.69,1.21,1.22,1.14
태림포장,011280,종이목재,211,2.57,2.7,2.35,2.35,2.42,2.15,0.8,0.93,0.83
태영건설,009410,건설업,491,3.1,3.3,2.7,2.28,2.94,2.32,2.07,2.03,1.98
태평양물산,007980,섬유의복,712,3.01,3.05,2.86,3.14,2.77,2.45,1.19,1.2,0.99
테이팩스,055490,화학,183,2.67,2.97,2.33,2.27,2.35,1.87,0.85,0.85,0.91
텔코웨어,078000,서비스업,181,2.9,2.78,3.2,2.88,2.64,2.06,1.4,1.35,1.22
토니모리,214420,화학,576,2.35,2.45,2.31,2.18,2.39,1.88,0.73,0.8,0.66
티에이치엔,019180,전기전자,283,2.12,2.5,2.28,1.76,2.27,1.66,0.85,0.89,0.8
티웨이항공,091810,운수창고업,533,3.56,2.96,3.73,3.53,3.18,3.49,2.5,2.62,2.46
팜스코,036580,음식료품,187,3.11,3.14,2.64,2.71,2.91,2.67,1.46,1.62,1.41
팜젠사이언스,004720,의약품,56,2.46,2.55,2.96,2.16,2.59,2.06,0.98,1.07,0.88
팬오션,028670,운수창고업,292,3.36,3.46,2.59,2.93,3.36,2.53,1.43,1.39,1.27
퍼시스,016800,기타제조업,715,2.92,2.06,3.54,3.28,2.78,2.46,1.35,1.41,1.26
페이퍼코리아,001020,종이목재,10,3.16,2.98,3.88,2.79,2.84,2.79,1.39,1.46,1.19
평화산업,090080,운수장비,363,2.36,2.9,2.06,2.04,2.47,1.79,1.39,1.39,1.33
평화홀딩스,010770,운수장비,292,2.59,3.03,2.13,2.13,2.66,1.89,1.77,1.78,1.69
포스코스틸리온,058430,철강금속,89,2.85,3.4,3.15,2.35,2.45,2.1,1.71,1.76,1.57
포스코인터내셔널,047050,유통업,753,3.65,4.2,3.35,3.05,3.5,2.6,2.21,2.15,2.01
포스코퓨처엠,003670,전기전자,711,3.47,3.74,3.34,3,3.2,2.41,2.43,2.37,2.43
풀무원,017810,음식료품,1266,2.94,2.61,3.09,2.87,2.9,2.27,1.99,2,1.93
풍산홀딩스,005810,기타금융,244,3.38,3.62,3.37,2.57,2.75,2.37,3.12,3.09,3.06
플레이그램,009810,유통업,15,2.77,2.03,2.56,2.65,2.56,2.03,0.2,0.26,0.26
하나투어,039130,서비스업,2498,2.94,2.1,3.83,3.3,2.88,2.24,1.12,1.11,1.02
하이스틸,071090,철강금속,83,1.9,1.7,2.4,2,1.9,1.7,0.18,0.18,0.07
하이트진로,000080,음식료품,707,3.69,4.19,3.34,2.9,3.1,2.7,2.25,2.19,2.07
한국가스공사,036460,전기가스업,1097,4.2,4.09,4.46,3.9,3.53,3.13,2.69,2.58,2.47
한국공항,005430,운수창고업,316,3.22,3.23,3.38,2.63,2.8,2.52,0.9,0.78,0.63
한국내화,010040,비금속광물,144,3.29,3.85,3.29,2.57,3.03,2.55,1.25,1.3,0.99
한국무브넥스,010100,운수장비,100,3.54,3.86,3.92,3,3.11,2.64,2.02,1.9,1.73
한국앤컴퍼니,000240,기타금융,77,3.2,2.9,3.44,2.7,2.96,2.22,0.99,0.9,0.72
한국전자홀딩스,006200,기타금융,120,2.31,2.11,2.19,1.81,2.77,1.72,2.18,2.18,2.17
한국카본,017960,기계,346,2.23,1.78,2.91,2.13,2.31,1.63,0.96,0.98,0.99
한국콜마,161890,화학,1382,2.7,2.7,2.5,2.4,2.93,2.17,1.2,1.23,1.21
한국콜마홀딩스,024720,기타금융,498,2.87,2.89,2.89,2.41,2.99,2.11,2.76,2.76,2.76
한국타이어앤테크놀로지,161390,화학,940,2.8,2.3,3.66,2.72,2.72,1.9,2.31,2.28,2.27
한국항공우주,047810,운수장비,1484,3.76,4.2,4.11,3.14,3.2,2.28,2.42,2.26,2.27
한국화장품,123690,유통업,107,2.54,2.36,3.32,2.4,2.34,1.9,0.64,0.7,0.49
한독,002390,의약품,799,3.39,3.02,3.88,3.54,3.03,2.94,1.92,1.94,1.63
한미글로벌,053690,서비스업,288,3.26,3.04,3.66,2.88,2.96,2.28,2.14,2.12,2.02
한미반도체,042700,기계,676,2.32,2.08,2.09,2.14,2.43,1.78,0.7,0.71,0.74
한미사이언스,008930,기타금융,49,3.05,3.17,3.32,2.62,2.75,2.43,2.19,2.23,2.06
한미약품,128940,의약품,2174,2.98,2.88,2.76,2.64,3.08,2.4,1.47,1.52,1.45
한샘,009240,유통업,3379,2.55,2.59,2.12,2.38,2.83,2.07,0.89,1,0.93
한섬,020000,섬유의복,1026,2.74,2.81,2.87,2.21,2.77,2.17,1.44,1.46,1.34
한세실업,105630,섬유의복,980,2.6,3.5,1.78,2.2,2.73,2.12,0.94,0.97,0.89
한세엠케이,069640,유통업,296,2.18,2.11,2.59,2.01,2.1,1.71,0.64,0.65,0.54
한세예스24홀딩스,016450,섬유의복,175,2.44,1.91,3.56,2.16,2.04,1.79,2.28,2.3,2.27
한솔로지스틱스,009180,운수창고업,207,3.04,2.74,3.24,3.07,2.88,2.47,1.37,1.4,1.2
한솔제지,213500,종이목재,315,2.93,2.8,3.1,2.94,2.8,2.33,1.17,1.18,0.99
한솔테크닉스,004710,전기전자,385,2.8,2.93,2.44,2.63,2.8,2.37,1.22,1.3,1.1
한솔홈데코,025750,종이목재,156,2.84,2.94,3.17,2.7,2.56,2.24,1.46,1.44,1.33
한신공영,004960,건설업,489,2.3,2.16,1.99,2.05,2.51,1.71,1.14,1.13,1.1
한온시스템,018880,기계,723,3.12,3.33,3.65,3.01,2.9,1.97,1.61,1.48,1.48
한올바이오파마,009420,의약품,91,3.2,3.47,3.13,2.97,2.9,2.6,1.38,1.47,1.34
한익스프레스,014130,운수창고업,362,2.82,2.78,2.62,2.38,2.88,2.26,1.38,1.39,1.26
한일시멘트,300720,비금속광물,217,3.03,3.11,2.92,2.49,2.73,2.4,2.12,2.12,2.06
한전KPS,051600,건설업,2138,3.86,3.91,3.9,3.27,3.76,3.02,2.1,2.07,1.88
한전산업,130660,서비스업,800,3.04,2.7,3.64,2.92,2.66,2.12,1.42,1.32,1.23
한진,002320,운수창고업,892,2.76,2.26,2.96,2.49,2.9,2.12,1.19,1.22,1.12
한진칼,180640,운수창고업,4,3.03,3.78,3.03,2.47,2.72,2.25,2.28,2.28,2.28
한창,005110,유통업,69,1.79,1.75,2.03,1.89,1.97,1.63,0.19,0.37,0.28
한컴라이프케어,372910,의료정밀,156,1.78,1.88,2,1.68,2.12,1.75,0.57,0.68,0.52
한화,000880,화학,1879,2.96,2.92,3.34,3.16,2.87,2.14,0.98,0.97,0.84
한화시스템,272210,전기전자,1268,3.4,3.13,3.82,3.27,2.78,2.6,2.64,2.61,2.56
한화에어로스페이스,012450,운수장비,705,2.84,2.72,3.21,2.74,2.64,2.03,1.3,1.31,1.18
한화오션,042660,운수장비,2260,2.94,2.56,3.6,3.42,2.94,2,1.29,1.28,1.18
해성디에스,195870,전기전자,475,3.4,3.75,2.78,3.05,3.11,2.9,1.85,1.9,1.86
해태제과식품,101530,음식료품,1088,2.32,1.82,2.67,2.16,2.44,1.84,0.59,0.62,0.51
핸즈코퍼레이션,143210,운수장비,417,2.21,2.56,1.69,1.74,2.43,1.91,0.39,0.48,0.4
현대건설,000720,건설업,2226,3.19,3.37,2.65,2.69,3.23,2.54,1.94,1.94,1.81
현대글로비스,086280,운수창고업,1145,3.05,3.39,3.21,2.9,2.64,2.34,1.84,1.84,1.75
현대로템,064350,운수장비,968,3.06,3.13,3.28,2.66,2.59,2.27,1.58,1.58,1.44
현대리바트,079430,기타제조업,808,2.93,3.17,3.11,2.74,2.67,2.26,1.5,1.52,1.42
현대모비스,012330,운수장비,3544,3.37,3.37,3.96,3.13,2.87,2.44,2.38,2.34,2.29
현대미포조선,010620,운수장비,572,2.81,2.9,2.67,2.32,2.87,2.17,1.58,1.58,1.49
현대백화점,069960,유통업,2320,3.12,3.5,2.8,2.73,2.62,2.49,1.56,1.6,1.38
현대비앤지스틸,004560,철강금속,155,3,3.26,2.93,2.45,2.93,2.27,1.26,1.29,1.09
현대오토에버,307950,서비스업,1783,3.28,3.3,3.64,3.28,2.72,2.38,2.19,2.06,2.05
현대위아,011210,운수장비,751,3.07,3.62,3.03,2.51,2.86,2.36,1.44,1.47,1.34
현대제철,004020,철강금속,2215,2.81,3.27,2.84,2.25,2.46,2.06,1.49,1.47,1.38
현대코퍼레이션,011760,유통업,148,3.16,3.56,3.46,2.64,3.14,2.27,2.94,2.95,2.93
현대퓨처넷,126560,통신업,206,2.93,3.42,3.22,2.63,2.53,2.33,0.43,0.45,0.09
현대홈쇼핑,057050,유통업,1108,3.4,3.45,4,3.2,2.55,2.55,1.96,1.94,1.76
호전실업,111110,섬유의복,172,2.8,2.44,3.39,2.3,2.74,2.5,1.23,1.3,1.08
호텔신라,008770,유통업,1803,2.86,2.72,2.8,2.59,2.5,2.42,1.18,1.31,1.06
화성산업,002460,건설업,135,2.96,2.32,2.66,2.82,3.1,2.52,1.51,1.62,1.42
화승알앤에이,378850,운수장비,314,2.63,3.36,2.87,2.21,2.53,2.04,1.21,1.2,1.12
화승엔터프라이즈,241590,기타제조업,23,2.87,3.31,2.36,2.29,2.86,2.57,1.4,1.49,1.27
화승코퍼레이션,013520,운수장비,201,2.82,3.4,2.75,2.32,2.71,2.29,0.61,0.58,0.46
화신,010690,운수장비,398,3.23,2.86,3.37,3.19,3.06,2.92,1.46,1.58,1.21
화천기공,000850,기계,170,2.57,3.13,2.29,1.94,2.63,1.87,1.54,1.54,1.44
환인제약,016580,의약품,625,2.32,2.38,2.14,1.92,2.46,1.92,1,1.04,0.96
황금에스티,032560,철강금속,112,2.18,2,1.91,1.87,2.37,1.87,0.8,0.81,0.81
효성,004800,기타금융,2895,2.38,2.14,2.68,2.26,2.44,1.92,1.37,1.41,1.29
효성중공업,298040,전기전자,644,2.6,2.55,2.72,2.58,2.67,2,0.79,0.76,0.63
효성첨단소재,298050,화학,171,2.34,2.2,2.2,2.02,2.5,1.78,1.04,1.08,1.05
효성티앤씨,298020,화학,250,2.45,2.2,2.95,2.15,2.59,1.8,1.29,1.3,1.21
효성화학,298000,화학,231,2.3,1.95,2.55,2.35,2.5,1.7,1.24,1.22,1.21
후성,093370,화학,194,3.8,3.85,3.95,2.95,3.45,3.05,2.36,2.36,2.24
휠라홀딩스,081660,유통업,280,3.11,2.9,3.47,2.71,3,2.4,1.93,2.02,1.87
휴비스,079980,화학,348,2.86,3.12,2.94,2.62,2.8,2.14,1.34,1.33,1.18
휴스틸,005010,철강금속,148,2.52,2.53,3.18,2.26,2.19,1.81,0.99,0.97,0.9
흥아해운,003280,운수창고업,91,2.51,2.32,2.33,2.21,2.87,2.22,0.39,0.46,0.27
DN오토모티브,007340,전기전자,128,2.6,2.67,2.44,2.37,2.34,2.07,1.3,1.29,1.35
HD현대건설기계,267270,기계,472,2.76,2.72,3.1,2.4,2.7,2.08,1.81,1.79,1.71
HD현대중공업,329180,운수장비,3235,2.67,2.55,3.1,2.41,2.63,2.01,1.07,1.07,0.97
HJ중공업,097230,건설업,523,2.8,2.57,2.86,2.56,2.8,2,1.37,1.38,1.29
HL홀딩스,060980,기타금융,154,3.24,3.66,3.54,3.29,2.95,2.59,1.87,1.85,1.72
SNT다이내믹스,003570,운수장비,69,2.56,2.17,3.12,2.49,2.72,2.02,1.06,1.16,1.06
SNT에너지,100840,기계,58,2.49,2.29,2.31,2.14,2.55,1.89,1.42,1.46,1.4
"YG PLUS",037270,서비스업,337,2.73,2.38,2.48,2.56,2.87,2.11,2.04,2.08,2
한전기술,052690,서비스업,493,4.09,3.89,4.5,4.29,3.89,3,4.07,4.07,4.07
CS홀딩스,000590,기타금융,1,3,2,3,3,3,3,1.29,1,1.14
KISCO홀딩스,001940,철강금속,365.78,2.69,2.68,2.81,2.42,2.55,2.21,1.21,1.25,1.09
KPX홀딩스,092230,화학,1,3,1,2,2,3,2,1.27,1.29,1.17
MH에탄올,023150,음식료품,1,5,5,5,3,2,3,1,1,1.08
WISCOM,024070,화학,35,1.88,2.08,2.13,1.63,2.25,1.63,0.34,0.45,0.22
경인전자,009140,전기전자,4,1.8,1.8,4.3,2.3,2.3,1.3,1.18,1.22,1.11
고려산업,002140,음식료품,23,2.27,2.77,2,1.82,2.73,1.77,0.39,0.45,0.26
농심홀딩스,072710,기타금융,676.32,2.75,2.69,2.92,2.54,2.59,2.25,1.29,1.3,1.14
대상홀딩스,084690,기타금융,2,4,3.5,4.5,4,2.5,3.5,1,1,1.14
대성홀딩스,016710,서비스업,20,2.4,1.9,4,2.6,1.9,2,0.1,0.25,1.23
동원수산,030720,"농업, 임업 및 어업",23,2.83,2.49,3.89,2.7,2.54,2.19,1.66,1.61,1.53
동일산업,004890,철강금속,39,3.01,2.76,3.17,2.43,2.33,2.22,1.08,1.06,0.85
모두투어리츠,204210,서비스업,6,2.2,2.2,3.5,2.2,2.3,2,1.34,0.5,0.17
비케이탑스,030790,서비스업,1,3,2,4,3,2,1,1.34,1.36,1.23
성문전자,014910,전기전자,39,1.62,1.41,2.12,1.59,1.43,1.28,0.1,0.16,0.1
시디즈,134790,기타제조업,33,0.06,0.03,0.03,0.09,0.09,0.06,0.06,0.06,0.06
인천도시가스,034590,전기가스업,39,3.4,3,4.3,2.74,2.61,2.43,2.57,2.54,2.44
일동홀딩스,000230,의약품,792.72,2.82,2.95,3,2.52,2.67,2.25,1.4,1.43,1.3
일진홀딩스,015860,기타금융,11,2.09,1.71,2.45,1.91,2.27,1.93,1,1.11,1
종근당홀딩스,001630,의약품,11,2.75,3.09,3.16,2.25,2.44,2.62,2.02,2.2,2.02
진도,088790,유통업,37,1.53,1.22,2.66,1.92,1.38,1.38,0.28,0.37,0.28
진양홀딩스,100250,화학,548.9,2.82,2.75,3.03,2.56,2.69,2.19,1.27,1.29,1.17
컨버즈,109070,전기전자,14,2.77,1.54,3.39,2.54,2.39,2.38,0.49,0.85,0.49
태경케미컬,006890,화학,8,2.99,3.38,2.89,2.26,2.74,2.11,0.99,0.99,0.86
하이트진로홀딩스,000140,기타금융,6,3,3.7,4,2.3,3,2,0.67,1.3,0.33
한솔홀딩스,004150,기타금융,1,1,1,1,2,1,1,1,1,1
한진중공업홀딩스,003480,전기가스업,235,2.79,2.39,2.79,2.5,2.79,1.99,2.76,2.75,2.75
현대코퍼레이션홀딩스,227840,유통업,5,3,3.6,3.6,2.6,3,2,0.2,0.6,1.01
DB하이텍,000990,전기전자,821,3.04,3.12,3.03,2.66,3.12,2.3,1.62,1.58,1.58
LIG넥스원,079550,기계,1339,3.67,3.56,3.64,3.67,3.12,2.7,2.77,2.74,2.66
SK텔레콤,017670,통신업,2411,3.82,4.28,4.08,3.72,3.01,2.95,2.51,2.45,2.32
기아,000270,운수장비,2353,3.78,3.76,3.9,3.23,3.18,2.93,2.31,2.27,2.17
키다리스튜디오,020120,서비스업,192,3.28,3.26,3.57,3.17,3.04,2.67,2.17,2.17,2.12
풍산,103140,철강금속,545,3.46,3.72,3.28,2.68,2.88,2.48,1.77,1.68,1.46
하이브,352820,서비스업,791,2.99,3.27,2.39,2.69,2.86,2.34,2.33,2.39,2.34
한솔케미칼,014680,화학,422,3.5,3.6,3.43,3.1,3.3,2.77,2.48,2.47,2.49
"HL D&I",014790,건설업,121,3.48,3.48,3.7,3.29,3.09,2.78,3.44,3.44,3.44
HLB글로벌,003580,광업,4,2.5,1.75,2.75,1.75,2.25,1.5,2,2,2
SNT홀딩스,036530,기타금융,1,2,3,3,1,1,1,1,1.3,1.14
더메디팜,118000,유통업,3,2.7,2.3,3,3,2.3,3,1.12,1,0.33
덴티움,145720,의료정밀,992,3.08,3.51,2.44,2.89,3.27,2.55,1.14,1.09,1.17
미원홀딩스,107590,기타금융,219,3.08,3.32,2.71,2.68,2.72,2.77,0.85,0.96,0.85
세아제강지주,003030,기타금융,232,3.73,3.91,3.49,3.13,3.52,3.63,2.47,2.52,2.29
쎌마테라퓨틱스,015540,서비스업,10,2.18,1.92,2.64,2.1,1.92,1.68,0.6,0.5,0.5
씨티알모빌리티,308170,운수장비,377,3,2.39,3.68,3.48,2.68,2.7,2.53,2.56,2.51
제일파마홀딩스,002620,서비스업,1312,2.64,2.74,2.95,2.3,2.51,1.92,1.2,1.17,1.09
콘텐트리중앙,036420,서비스업,144,2.58,2.14,2.38,2.64,2.27,2.15,0.63,0.69,0.46
티와이홀딩스,363280,기타금융,491,3.1,3.3,2.7,2.28,2.94,2.32,2.07,2.03,1.98
한일홀딩스,003300,비금속광물,217,3.03,3.11,2.92,2.49,2.73,2.4,2.12,2.12,2.06
현대지에프홀딩스,005440,기타금융,1221,2.76,3.24,2.66,2.34,2.44,2.14,1.32,1.32,1.18
디와이,013570,기타금융,231,3.17,2.95,3.2,3.04,3.07,2.78,2.19,2.21,2.07
LX홀딩스,383800,기타금융,676.32,2.75,2.69,2.92,2.54,2.59,2.25,1.29,1.3,1.14
한국수출포장공업,002200,종이목재,187.25,2.75,2.86,2.99,2.54,2.57,2.25,1.29,1.33,1.18
한국단자공업,025540,전기전자,1398.78,2.72,2.62,2.89,2.57,2.62,2.21,1.18,1.22,1.11
미창석유공업,003650,화학,548.9,2.82,2.75,3.03,2.56,2.69,2.19,1.27,1.29,1.17
한국석유공업,004090,비금속광물,155.07,2.88,3.04,3.01,2.46,2.67,2.28,1.26,1.31,1.12
한솔피엔에스,010420,유통업,724.55,2.81,2.76,3.09,2.6,2.63,2.24,1.12,1.18,1.01
화승인더스트리,006060,화학,548.9,2.82,2.75,3.03,2.56,2.69,2.19,1.27,1.29,1.17
케이씨씨글라스,344820,비금속광물,155.07,2.88,3.04,3.01,2.46,2.67,2.28,1.26,1.31,1.12
삼화페인트공업,000390,화학,548.9,2.82,2.75,3.03,2.56,2.69,2.19,1.27,1.29,1.17
현대자동차,005380,운수장비,636.5,2.73,2.81,2.82,2.48,2.7,2.11,1.27,1.29,1.17
케이티앤지,033780,기타제조업,230.25,2.27,2.21,2.54,2.11,2.28,1.9,0.8,0.85,0.76
쌍용씨앤이,003410,비금속광물,155.07,2.88,3.04,3.01,2.46,2.67,2.28,1.26,1.31,1.12
엘에스일렉트릭,010120,전기전자,1398.78,2.72,2.62,2.89,2.57,2.62,2.21,1.18,1.22,1.11
삼화콘덴서공업,001820,전기전자,1398.78,2.72,2.62,2.89,2.57,2.62,2.21,1.18,1.22,1.11
케이씨티시,009070,운수창고업,614.67,2.94,2.94,2.97,2.62,2.87,2.35,1.44,1.45,1.35
케이티스카이라이프,053210,서비스업,897.75,2.86,2.75,3.07,2.73,2.62,2.24,1.34,1.36,1.23
서울도시가스,017390,전기가스업,310.88,3.6,3.48,3.97,3.08,2.99,2.67,2.64,2.58,2.48
신세계I&C,035510,서비스업,897.75,2.86,2.75,3.07,2.73,2.62,2.24,1.34,1.36,1.23
삼화전자공업,011230,전기전자,1398.78,2.72,2.62,2.89,2.57,2.62,2.21,1.18,1.22,1.11
티비에이치글로벌,084870,섬유의복,459.16,2.51,2.39,2.88,2.35,2.44,2.06,0.94,0.98,0.84
"효성 ITX",094280,서비스업,897.75,2.86,2.75,3.07,2.73,2.62,2.24,1.34,1.36,1.23
케이티,030200,통신업,1553.5,3.14,3.26,3.59,2.99,2.66,2.5,1.38,1.39,1.2
"F&F 홀딩스",007700,기타금융,676.32,2.75,2.69,2.92,2.54,2.59,2.25,1.29,1.3,1.14
엔피씨,004250,화학,548.9,2.82,2.75,3.03,2.56,2.69,2.19,1.27,1.29,1.17
에스제이엠홀딩스,025530,유통업,724.55,2.81,2.76,3.09,2.6,2.63,2.24,1.12,1.18,1.01
현대엘리베이터,017800,기계,397.84,2.75,2.67,2.97,2.64,2.64,2.12,1.12,1.13,1.01
아이에이치큐,003560,서비스업,897.75,2.86,2.75,3.07,2.73,2.62,2.24,1.34,1.36,1.23
케이씨씨,002380,화학,548.9,2.82,2.75,3.03,2.56,2.69,2.19,1.27,1.29,1.17
진양폴리우레탄,010640,화학,548.9,2.82,2.75,3.03,2.56,2.69,2.19,1.27,1.29,1.17
아모레퍼시픽그룹,002790,화학,548.9,2.82,2.75,3.03,2.56,2.69,2.19,1.27,1.29,1.17
엘브이엠씨,900140,유통업,724.55,2.81,2.76,3.09,2.6,2.63,2.24,1.12,1.18,1.01
금호석유화학,011780,화학,548.9,2.82,2.75,3.03,2.56,2.69,2.19,1.27,1.29,1.17
삼영전자공업,005680,전기전자,1398.78,2.72,2.62,2.89,2.57,2.62,2.21,1.18,1.22,1.11
에스케이바이오팜,326030,서비스업,897.75,2.86,2.75,3.07,2.73,2.62,2.24,1.34,1.36,1.23
에스제이엠,123700,운수장비,636.5,2.73,2.81,2.82,2.48,2.7,2.11,1.27,1.29,1.17
한신기계공업,011700,기계,397.84,2.75,2.67,2.97,2.64,2.64,2.12,1.12,1.13,1.01
엔에이치엔,181710,서비스업,897.75,2.86,2.75,3.07,2.73,2.62,2.24,1.34,1.36,1.23
디아이동일,001530,유통업,724.55,2.81,2.76,3.09,2.6,2.63,2.24,1.12,1.18,1.01
계룡건설산업,013580,건설업,572.96,2.91,2.78,2.9,2.7,2.88,2.27,1.67,1.69,1.58
롯데칠성음료,005300,음식료품,752.96,2.84,2.77,2.92,2.5,2.66,2.2,1.21,1.24,1.08
한국전력공사,015760,전기가스업,310.88,3.6,3.48,3.97,3.08,2.99,2.67,2.64,2.58,2.48
태양금속공업,004100,운수장비,636.5,2.73,2.81,2.82,2.48,2.7,2.11,1.27,1.29,1.17
