종목코드,종목명,시장구분,업종명,종가,대비,등락률,시가총액
095570,AJ네트웍스,KOSPI,서비스업,4480,40,0.9,209763881600
006840,AK홀딩스,KOSPI,기타금융,19420,210,1.09,257267634620
027410,BGF,KOSPI,기타금융,3850,25,0.65,368509645350
282330,BGF리테일,KOSPI,유통업,175900,1000,0.57,3040239065400
138930,BNK금융지주,KOSPI,기타금융,7030,100,1.44,2291324779380
001460,BYC,KOSPI,섬유의복,399500,-2500,-0.62,249533692500
001465,BYC우,KOSPI,섬유의복,147500,-1000,-0.67,31769287500
001040,CJ,KOSPI,기타금융,67200,-1100,-1.61,1960694265600
079160,"CJ CGV",KOSPI,서비스업,9400,100,1.08,448647401800
00104K,CJ4우(전환),KOSPI,기타금융,58800,-100,-0.17,248518905600
000120,CJ대한통운,KOSPI,운수창고업,76000,-400,-0.52,1733738144000
011150,CJ씨푸드,KOSPI,음식료품,3600,55,1.55,129350782800
011155,CJ씨푸드1우,KOSPI,음식료품,23950,-400,-1.64,4790000000
001045,CJ우,KOSPI,기타금융,44700,0,0,101031968100
097950,CJ제일제당,KOSPI,음식료품,280000,10500,3.9,4215172080000
097955,"CJ제일제당 우",KOSPI,음식료품,137500,1900,1.4,182522037500
000590,CS홀딩스,KOSPI,기타금융,60900,1300,2.18,70307953800
012030,DB,KOSPI,서비스업,2255,10,0.45,453647218915
016610,DB금융투자,KOSPI,증권,4105,60,1.48,174242426845
005830,DB손해보험,KOSPI,보험,76000,1400,1.88,5380800000000
000990,DB하이텍,KOSPI,전기전자,62700,-400,-0.63,2783791467600
000995,DB하이텍1우,KOSPI,전기전자,30000,0,0,3369480000
139130,DGB금융지주,KOSPI,기타금융,7490,220,3.03,1266902289170
001530,DI동일,KOSPI,유통업,21400,300,1.42,557270487800
000210,DL,KOSPI,화학,42050,750,1.82,881194922200
001880,DL건설,KOSPI,건설업,13700,-50,-0.36,302129990800
000215,DL우,KOSPI,화학,24900,-50,-0.2,41984263500
375500,DL이앤씨,KOSPI,건설업,35200,450,1.29,1362015529600
37550L,DL이앤씨2우(전환),KOSPI,건설업,24600,300,1.23,51953994600
37550K,DL이앤씨우,KOSPI,건설업,20300,200,1,42911865500
007340,DN오토모티브,KOSPI,전기전자,91700,500,0.55,916450258500
004840,DRB동일,KOSPI,화학,5380,30,0.56,107223400000
155660,DSR,KOSPI,철강금속,5080,40,0.79,81280000000
069730,DSR제강,KOSPI,철강금속,4900,70,1.45,70560000000
017940,E1,KOSPI,유통업,50500,-700,-1.37,346430000000
365550,ESR켄달스퀘어리츠,KOSPI,서비스업,4075,65,1.62,868337675000
383220,F&F,KOSPI,섬유의복,120200,600,0.5,4604510415000
007700,F&F홀딩스,KOSPI,기타금융,20200,200,1,790110213400
114090,GKL,KOSPI,서비스업,15840,-500,-3.06,979793812800
078930,GS,KOSPI,기타금융,36550,-100,-0.27,3396057065900
006360,GS건설,KOSPI,건설업,19020,380,2.04,1627759939800
001250,GS글로벌,KOSPI,유통업,2890,-10,-0.34,238522577960
007070,GS리테일,KOSPI,유통업,23200,300,1.31,2429455790400
078935,GS우,KOSPI,기타금융,34100,200,0.59,60862566600
012630,HDC,KOSPI,기타금융,6400,-30,-0.47,382347014400
039570,HDC랩스,KOSPI,건설업,8330,60,0.73,216226816330
089470,HDC현대EP,KOSPI,화학,4585,45,0.99,146261500000
294870,HDC현대산업개발,KOSPI,건설업,11540,150,1.32,760570588200
009540,HD한국조선해양,KOSPI,기타금융,116100,-400,-0.34,8216758767600
267250,HD현대,KOSPI,기타금융,60000,100,0.17,4739585100000
267270,HD현대건설기계,KOSPI,기계,87300,1500,1.75,1719879228900
322000,HD현대에너지솔루션,KOSPI,전기전자,39000,350,0.91,436800000000
042670,HD현대인프라코어,KOSPI,기계,12030,70,0.59,2401229539590
267260,HD현대일렉트릭,KOSPI,전기전자,64700,-400,-0.61,2332249634500
329180,HD현대중공업,KOSPI,운수장비,131600,-100,-0.08,11682542065600
097230,HJ중공업,KOSPI,건설업,4100,5,0.12,341424552100
014790,"HL D&I",KOSPI,건설업,2725,45,1.68,103164687725
003580,HLB글로벌,KOSPI,광업,5090,100,2,215680906310
204320,HL만도,KOSPI,운수장비,53300,-600,-1.11,2502814496000
060980,HL홀딩스,KOSPI,기타금융,37300,300,0.81,379318993000
011200,HMM,KOSPI,운수창고업,19130,280,1.49,9355325558480
082740,HSD엔진,KOSPI,기계,10140,20,0.2,725456099160
003560,IHQ,KOSPI,서비스업,239,0,0,57908659872
175330,JB금융지주,KOSPI,기타금융,8620,150,1.77,1697992546280
234080,JW생명과학,KOSPI,의약품,13470,70,0.52,213291442380
001060,JW중외제약,KOSPI,의약품,23900,700,3.02,545757360400
001067,JW중외제약2우B,KOSPI,의약품,60000,0,0,12354960000
001065,JW중외제약우,KOSPI,의약품,30000,300,1.01,10059750000
096760,JW홀딩스,KOSPI,기타금융,3270,55,1.71,237101679930
105560,KB금융,KOSPI,기타금융,48650,900,1.88,19630813652800
432320,KB스타리츠,KOSPI,서비스업,4555,-30,-0.65,461942068175
002380,KCC,KOSPI,화학,200000,3600,1.83,1777294200000
344820,KCC글라스,KOSPI,비금속광물,43800,-650,-1.46,699508425600
009070,KCTC,KOSPI,운수창고업,4285,0,0,128550000000
009440,KC그린홀딩스,KOSPI,기타금융,4000,140,3.63,89739920000
119650,KC코트렐,KOSPI,기계,2210,35,1.61,80301300300
092220,KEC,KOSPI,전기전자,2050,40,1.99,296764439050
003620,KG모빌리티,KOSPI,운수장비,7730,320,4.32,1445170065520
016380,KG스틸,KOSPI,철강금속,9150,110,1.22,915081407550
001390,KG케미칼,KOSPI,화학,43350,50,0.12,601095261600
033180,"KH 필룩스",KOSPI,전기전자,442,0,0,84294994836
001940,KISCO홀딩스,KOSPI,철강금속,18020,-270,-1.48,291498367600
025000,KPX케미칼,KOSPI,화학,46650,-300,-0.64,225786000000
092230,KPX홀딩스,KOSPI,화학,51300,200,0.39,216724339800
000040,KR모터스,KOSPI,운수장비,595,3,0.51,57202386675
044450,KSS해운,KOSPI,운수창고업,9240,-380,-3.95,213313531200
030200,KT,KOSPI,통신업,29750,-50,-0.17,7768076288000
033780,KT&G,KOSPI,기타제조업,82800,0,0,11367818751600
058850,KTcs,KOSPI,서비스업,3790,-10,-0.26,161776150000
058860,KTis,KOSPI,서비스업,3375,15,0.45,117456750000
093050,LF,KOSPI,섬유의복,16620,-370,-2.18,485968800000
003550,LG,KOSPI,기타금융,90000,2000,2.27,14157089370000
034220,LG디스플레이,KOSPI,전기전자,15970,210,1.33,5714316729000
051900,LG생활건강,KOSPI,화학,459000,0,0,7168752423000
051905,LG생활건강우,KOSPI,화학,187400,-100,-0.05,393483217800
373220,LG에너지솔루션,KOSPI,전기전자,573000,20000,3.62,134082000000000
003555,LG우,KOSPI,기타금융,65600,-100,-0.15,198218272000
032640,LG유플러스,KOSPI,통신업,10790,60,0.56,4711036585190
011070,LG이노텍,KOSPI,전기전자,312500,3000,0.97,7395970937500
066570,LG전자,KOSPI,전기전자,127100,400,0.32,20799637159400
066575,LG전자우,KOSPI,전기전자,54800,300,0.55,941792361600
037560,LG헬로비전,KOSPI,서비스업,4450,145,3.37,344638549250
051910,LG화학,KOSPI,화학,691000,24000,3.6,48779309013000
051915,LG화학우,KOSPI,화학,373000,21000,5.97,2867922400000
079550,LIG넥스원,KOSPI,기계,81200,100,0.12,1786400000000
006260,LS,KOSPI,기타금융,93500,600,0.65,3010700000000
010120,"LS ELECTRIC",KOSPI,전기전자,80900,1600,2.02,2427000000000
000680,LS네트웍스,KOSPI,유통업,2780,10,0.36,219072384480
229640,LS전선아시아,KOSPI,기타금융,7070,70,1,216517894530
108320,LX세미콘,KOSPI,전기전자,115800,2000,1.76,1883405940000
001120,LX인터내셔널,KOSPI,유통업,35050,-1000,-2.77,1358538000000
108670,LX하우시스,KOSPI,화학,46650,1100,2.41,418341805500
108675,LX하우시스우,KOSPI,화학,19870,270,1.38,20512397100
383800,LX홀딩스,KOSPI,기타금융,7970,50,0.63,607957099300
38380K,LX홀딩스1우,KOSPI,기타금융,10300,120,1.18,15092435500
023150,MH에탄올,KOSPI,음식료품,7330,100,1.38,54084595580
035420,NAVER,KOSPI,서비스업,189300,6500,3.56,31054491790500
181710,NHN,KOSPI,서비스업,24250,-350,-1.42,847214538500
400760,NH올원리츠,KOSPI,서비스업,3455,-45,-1.29,145801000000
005940,NH투자증권,KOSPI,증권,9680,130,1.36,3210526115280
005945,NH투자증권우,KOSPI,증권,9240,30,0.33,174367744320
338100,NH프라임리츠,KOSPI,서비스업,4380,-10,-0.23,81730800000
034310,NICE,KOSPI,서비스업,11930,210,1.79,451935839000
008260,NI스틸,KOSPI,철강금속,7750,-50,-0.64,221650906750
004250,NPC,KOSPI,화학,6900,230,3.45,253368000000
004255,NPC우,KOSPI,화학,3280,70,2.18,17318400000
456040,OCI,KOSPI,화학,127600,5600,4.59,948926620400
010060,OCI홀딩스,KOSPI,화학,114500,1200,1.06,1879247509000
178920,PI첨단소재,KOSPI,화학,37200,-750,-1.98,1092427178400
005490,POSCO홀딩스,KOSPI,철강금속,402000,14000,3.61,33997634460000
010950,S-Oil,KOSPI,화학,66400,-300,-0.45,7475497388800
010955,S-Oil우,KOSPI,화학,50000,-300,-0.6,201096350000
034120,SBS,KOSPI,서비스업,31500,350,1.12,574956333000
005090,SGC에너지,KOSPI,전기가스업,26050,-50,-0.19,382335954200
001380,SG글로벌,KOSPI,운수장비,1405,4,0.29,63174620915
004060,SG세계물산,KOSPI,유통업,549,-2,-0.36,111131303040
001770,SHD,KOSPI,철강금속,26850,350,1.32,32619474300
002360,SH에너지화학,KOSPI,화학,742,3,0.41,82461227660
009160,SIMPAC,KOSPI,철강금속,5260,150,2.94,344159254160
123700,SJM,KOSPI,운수장비,4910,-25,-0.51,76620049180
025530,SJM홀딩스,KOSPI,유통업,4610,35,0.77,68845776880
034730,SK,KOSPI,기타금융,149700,1000,0.67,10957789851300
011790,SKC,KOSPI,화학,99900,2300,2.36,3783042970200
018670,SK가스,KOSPI,유통업,126100,-1800,-1.41,1163933768400
001740,SK네트웍스,KOSPI,유통업,5140,60,1.18,1211900282100
001745,SK네트웍스우,KOSPI,유통업,23750,0,0,2699140000
006120,SK디스커버리,KOSPI,기타금융,35550,-350,-0.97,676795745250
006125,SK디스커버리우,KOSPI,기타금융,29100,-100,-0.34,39531040500
210980,SK디앤디,KOSPI,서비스업,22400,150,0.67,497059673600
068400,SK렌터카,KOSPI,서비스업,10480,490,4.9,495555603200
395400,SK리츠,KOSPI,서비스업,5070,-40,-0.78,996529180530
302440,SK바이오사이언스,KOSPI,의약품,78800,-700,-0.88,6050582824800
326030,SK바이오팜,KOSPI,서비스업,82400,1500,1.85,6453011800000
402340,SK스퀘어,KOSPI,기타금융,45950,1700,3.84,6500434887450
361610,SK아이이테크놀로지,KOSPI,전기전자,95500,-1300,-1.34,6808920036000
100090,SK오션플랜트,KOSPI,철강금속,20700,550,2.73,1101964748400
03473K,SK우,KOSPI,기타금융,138900,400,0.29,78636151500
096770,SK이노베이션,KOSPI,화학,163500,5000,3.15,15118119714000
096775,SK이노베이션우,KOSPI,화학,108000,3600,3.45,134830008000
001510,SK증권,KOSPI,증권,684,6,0.88,323251676964
001515,SK증권우,KOSPI,증권,2495,-40,-1.58,9761722430
285130,SK케미칼,KOSPI,화학,70400,200,0.28,1214666323200
28513K,SK케미칼우,KOSPI,화학,32800,-50,-0.15,69386071200
017670,SK텔레콤,KOSPI,통신업,46350,-250,-0.54,10142916224400
000660,SK하이닉스,KOSPI,전기전자,117600,2400,2.08,85613078124000
003570,SNT다이내믹스,KOSPI,운수장비,10200,-270,-2.58,339177509400
064960,SNT모티브,KOSPI,운수장비,52800,-100,-0.19,772101580800
100840,SNT에너지,KOSPI,기계,24300,1000,4.29,182413077300
036530,SNT홀딩스,KOSPI,기타금융,16550,-20,-0.12,269829313300
005610,SPC삼립,KOSPI,음식료품,68700,600,0.88,592812918300
011810,STX,KOSPI,유통업,10320,480,4.88,318154856880
077970,STX엔진,KOSPI,기계,14340,120,0.84,329947683360
071970,STX중공업,KOSPI,기계,7230,-80,-1.09,206435796870
002820,SUN&L,KOSPI,종이목재,2770,-80,-2.81,34924129530
084870,TBH글로벌,KOSPI,섬유의복,1870,59,3.26,39002251530
002710,TCC스틸,KOSPI,철강금속,37400,2400,6.86,980392267800
069260,TKG휴켐스,KOSPI,화학,22050,-50,-0.23,901372865400
002900,TYM,KOSPI,기계,7760,100,1.31,349595418560
024070,WISCOM,KOSPI,화학,2955,0,0,45289624290
037270,"YG PLUS",KOSPI,서비스업,6570,200,3.14,416731223700
000500,가온전선,KOSPI,전기전자,20700,550,2.73,131629768200
000860,강남제비스코,KOSPI,화학,23150,-100,-0.43,150475000000
035250,강원랜드,KOSPI,서비스업,17490,110,0.63,3741819345000
011420,갤럭시아에스엠,KOSPI,서비스업,2240,50,2.28,61711202560
002100,경농,KOSPI,화학,10450,30,0.29,204010908750
009450,경동나비엔,KOSPI,전기전자,54000,3200,6.3,786703968000
267290,경동도시가스,KOSPI,전기가스업,20350,-50,-0.25,119971512100
012320,경동인베스트,KOSPI,기타금융,86400,600,0.7,204337987200
000050,경방,KOSPI,유통업,9930,-10,-0.1,272233631100
214390,경보제약,KOSPI,의약품,7150,-100,-1.38,170934049000
012610,경인양행,KOSPI,화학,5170,-50,-0.96,215156607050
009140,경인전자,KOSPI,전기전자,26300,-900,-3.31,41311961100
013580,계룡건설,KOSPI,건설업,16980,160,0.95,151646800860
012200,계양전기,KOSPI,기계,2225,35,1.6,60570794525
012205,계양전기우,KOSPI,기계,4260,-35,-0.81,4980276540
002140,고려산업,KOSPI,음식료품,4245,45,1.07,105867859125
010130,고려아연,KOSPI,철강금속,490000,2500,0.51,9732947420000
002240,고려제강,KOSPI,철강금속,19100,120,0.63,477500000000
009290,광동제약,KOSPI,의약품,6640,20,0.3,348074450640
017040,광명전기,KOSPI,전기전자,2885,15,0.52,125029019275
017900,광전자,KOSPI,전기전자,3025,110,3.77,175279883075
037710,광주신세계,KOSPI,유통업,33600,150,0.45,267361584000
030610,교보증권,KOSPI,증권,5330,50,0.95,344602067680
339770,교촌에프앤비,KOSPI,유통업,8700,-40,-0.46,217348098000
007690,국도화학,KOSPI,화학,54800,900,1.67,493781756800
005320,국동,KOSPI,유통업,1105,25,2.31,63395535125
001140,국보,KOSPI,운수창고업,7040,200,2.92,79599097600
002720,국제약품,KOSPI,의약품,4200,50,1.2,88871294400
083420,그린케미칼,KOSPI,화학,9090,120,1.34,218160000000
014530,극동유화,KOSPI,화학,3905,40,1.03,136165085100
014280,금강공업,KOSPI,철강금속,7540,230,3.15,221143351780
014285,금강공업우,KOSPI,철강금속,11790,360,3.15,6954626250
008870,금비,KOSPI,비금속광물,92000,1300,1.43,92000000000
001570,금양,KOSPI,화학,55800,2700,5.08,3239192064600
002990,금호건설,KOSPI,건설업,6100,-20,-0.33,225416929500
002995,금호건설우,KOSPI,건설업,19780,180,0.92,5781021480
011780,금호석유,KOSPI,화학,134600,1900,1.43,3945706395200
011785,금호석유우,KOSPI,화학,67300,100,0.15,203480607800
214330,금호에이치티,KOSPI,운수장비,781,-19,-2.38,153189170024
001210,금호전기,KOSPI,전기전자,1313,67,5.38,44496411934
073240,금호타이어,KOSPI,화학,4790,40,0.84,1375976774730
092440,기신정기,KOSPI,기계,3425,35,1.03,100010000000
000270,기아,KOSPI,운수장비,88500,0,0,35580911965500
024110,기업은행,KOSPI,은행,10400,60,0.58,8293229037600
013700,까뮤이앤씨,KOSPI,건설업,1722,8,0.47,77752226160
004540,깨끗한나라,KOSPI,종이목재,2555,-10,-0.39,95149970615
004545,깨끗한나라우,KOSPI,종이목재,15810,-580,-3.54,5788989600
001260,남광토건,KOSPI,건설업,10120,100,1,99505628640
008350,남선알미늄,KOSPI,철강금속,2675,55,2.1,345286565750
008355,남선알미우,KOSPI,철강금속,25100,250,1.01,7728039000
004270,남성,KOSPI,유통업,2385,20,0.85,86366001600
003920,남양유업,KOSPI,음식료품,514000,-21000,-3.93,370080000000
003925,남양유업우,KOSPI,음식료품,280500,-11500,-3.94,56100000000
025860,남해화학,KOSPI,화학,8620,10,0.12,428231626660
005720,넥센,KOSPI,화학,4350,55,1.28,232916299950
005725,넥센우,KOSPI,화학,3120,0,0,11233872000
002350,넥센타이어,KOSPI,화학,8230,-30,-0.36,803806627710
002355,넥센타이어1우B,KOSPI,화학,2995,-15,-0.5,19467500000
251270,넷마블,KOSPI,서비스업,49950,850,1.73,4293377424900
090350,노루페인트,KOSPI,화학,8620,110,1.29,172400000000
090355,노루페인트우,KOSPI,화학,13400,-180,-1.33,6205888400
000320,노루홀딩스,KOSPI,기타금융,10540,90,0.86,140088731540
000325,노루홀딩스우,KOSPI,기타금융,21500,-500,-2.27,5236518500
006280,녹십자,KOSPI,의약품,116000,1200,1.05,1355638408000
005250,녹십자홀딩스,KOSPI,서비스업,14240,-10,-0.07,669681710400
005257,녹십자홀딩스2우,KOSPI,서비스업,31000,-50,-0.16,26225690000
004370,농심,KOSPI,음식료품,407000,9000,2.26,2475635294000
072710,농심홀딩스,KOSPI,기타금융,68500,600,0.88,317688615000
058730,다스코,KOSPI,기계,4900,60,1.24,95045010900
030210,다올투자증권,KOSPI,증권,3465,-65,-1.84,211056982290
023590,다우기술,KOSPI,서비스업,17950,400,2.28,805355775150
145210,다이나믹디자인,KOSPI,기계,5690,150,2.71,97244256510
019680,대교,KOSPI,서비스업,2640,50,1.93,223615524000
019685,대교우B,KOSPI,서비스업,1755,-2,-0.11,34094367450
006370,대구백화점,KOSPI,유통업,14500,650,4.69,156913359500
008060,대덕,KOSPI,기타금융,6570,40,0.61,222658285500
00806K,대덕1우,KOSPI,기타금융,9580,130,1.38,11614380060
353200,대덕전자,KOSPI,전기전자,31850,-400,-1.24,1573929061250
35320K,대덕전자1우,KOSPI,전기전자,11790,60,0.51,24706169010
000490,대동,KOSPI,기계,12290,-70,-0.57,294128630660
008110,대동전자,KOSPI,전기전자,6020,-60,-0.99,63152490940
005750,대림B&Co,KOSPI,비금속광물,4065,0,0,67772655600
006570,대림통상,KOSPI,기계,3620,45,1.26,55114500000
001680,대상,KOSPI,음식료품,17600,430,2.5,609805240000
001685,대상우,KOSPI,음식료품,14460,0,0,19813424580
084690,대상홀딩스,KOSPI,기타금융,8210,140,1.73,297304936980
084695,대상홀딩스우,KOSPI,기타금융,9460,160,1.72,8641539720
128820,대성산업,KOSPI,유통업,3985,10,0.25,180263379830
117580,대성에너지,KOSPI,전기가스업,8080,130,1.64,222200000000
016710,대성홀딩스,KOSPI,서비스업,15390,610,4.13,247616774010
003540,대신증권,KOSPI,증권,13630,130,0.96,692041442000
003547,대신증권2우B,KOSPI,증권,12580,40,0.32,125800000000
003545,대신증권우,KOSPI,증권,13300,110,0.83,345800000000
009190,대양금속,KOSPI,철강금속,3705,50,1.37,137104021470
014160,대영포장,KOSPI,종이목재,1352,1,0.07,146549430248
047040,대우건설,KOSPI,건설업,4165,100,2.46,1731068287270
009320,대우부품,KOSPI,운수장비,1734,8,0.46,82618814250
003090,대웅,KOSPI,의약품,12730,210,1.68,740147405400
069620,대웅제약,KOSPI,의약품,95900,-400,-0.42,1111152542500
000430,대원강업,KOSPI,운수장비,4500,120,2.74,279000000000
006340,대원전선,KOSPI,전기전자,1245,23,1.88,89595844830
006345,대원전선우,KOSPI,전기전자,2500,0,0,6553000000
003220,대원제약,KOSPI,의약품,14200,-30,-0.21,311898314000
024890,대원화성,KOSPI,화학,2610,10,0.38,107660286720
002880,대유에이텍,KOSPI,운수장비,695,7,1.02,80737177000
000300,대유플러스,KOSPI,전기전자,1070,-3,-0.28,131755011750
012800,대창,KOSPI,철강금속,1508,18,1.21,137439872492
015230,대창단조,KOSPI,운수장비,8040,410,5.37,229720729200
001070,대한방직,KOSPI,섬유의복,26700,-11400,-29.92,141510000000
006650,대한유화,KOSPI,화학,141500,1800,1.29,919750000000
001440,대한전선,KOSPI,전기전자,14400,180,1.27,1792041120000
084010,대한제강,KOSPI,철강금속,13690,-50,-0.36,337413788460
001790,대한제당,KOSPI,음식료품,3500,25,0.72,313938030000
001795,대한제당우,KOSPI,음식료품,2915,-75,-2.51,18897245400
001130,대한제분,KOSPI,음식료품,134600,300,0.22,227474000000
003490,대한항공,KOSPI,운수창고업,24500,150,0.62,9021406194500
003495,대한항공우,KOSPI,운수창고업,28600,50,0.18,31768708400
005880,대한해운,KOSPI,운수창고업,2025,0,0,646334356500
003830,대한화섬,KOSPI,화학,106100,-300,-0.28,140900800000
016090,대현,KOSPI,섬유의복,2160,35,1.65,95649789600
069460,대호에이엘,KOSPI,철강금속,1386,6,0.43,83694757608
118000,더메디팜,KOSPI,유통업,509,-3,-0.59,47260362924
192080,더블유게임즈,KOSPI,서비스업,42900,750,1.78,780383475300
012510,더존비즈온,KOSPI,서비스업,30850,-100,-0.32,937308886400
004830,덕성,KOSPI,화학,4420,-20,-0.45,69305600000
004835,덕성우,KOSPI,화학,5510,20,0.36,7669920000
024900,덕양산업,KOSPI,운수장비,7540,190,2.59,245539949200
145720,덴티움,KOSPI,의료정밀,147500,2500,1.72,1632652425000
002150,도화엔지니어링,KOSPI,서비스업,9250,180,1.98,311910000000
460850,동국씨엠,KOSPI,철강금속,10980,-50,-0.45,328287242880
460860,동국제강,KOSPI,철강금속,10620,-200,-1.85,526837140540
001230,동국홀딩스,KOSPI,철강금속,17320,-100,-0.57,275839428480
023450,동남합성,KOSPI,화학,38600,-350,-0.9,135100000000
004140,동방,KOSPI,운수창고업,2375,40,1.71,113932944250
007590,동방아그로,KOSPI,화학,6940,150,2.21,94505984380
005960,동부건설,KOSPI,건설업,7150,160,2.29,163555270450
005965,동부건설우,KOSPI,건설업,28450,700,2.52,6422075400
026960,동서,KOSPI,유통업,19110,90,0.47,1905267000000
002210,동성제약,KOSPI,의약품,6000,-10,-0.17,156605820000
102260,동성케미컬,KOSPI,서비스업,4530,40,0.89,225094467840
000640,동아쏘시오홀딩스,KOSPI,기타금융,83700,-1200,-1.41,531404018100
170900,동아에스티,KOSPI,의약품,57400,100,0.17,494484239200
028100,동아지질,KOSPI,건설업,13170,110,0.84,185073347820
282690,동아타이어,KOSPI,화학,11880,20,0.17,163148218200
001520,동양,KOSPI,비금속광물,1049,2,0.19,250379582087
001527,동양2우B,KOSPI,비금속광물,12400,-780,-5.92,3826255600
084670,동양고속,KOSPI,운수창고업,15570,30,0.19,45084009330
082640,동양생명,KOSPI,보험,3600,30,0.84,580890906000
001525,동양우,KOSPI,비금속광물,6140,-150,-2.38,3792868340
008970,동양철관,KOSPI,철강금속,1053,-11,-1.03,125186210370
092780,동양피스톤,KOSPI,운수장비,5310,140,2.71,69924522600
049770,동원F&B,KOSPI,음식료품,28300,400,1.43,546066046000
018500,동원금속,KOSPI,운수장비,2825,80,2.91,132082685725
006040,동원산업,KOSPI,기타금융,38200,-650,-1.67,1909337803000
030720,동원수산,KOSPI,"농업, 임업 및 어업",8460,20,0.24,39371190300
014820,동원시스템즈,KOSPI,화학,37700,600,1.62,1092971331400
014825,동원시스템즈우,KOSPI,화학,26650,50,0.19,7038558150
163560,동일고무벨트,KOSPI,화학,7020,20,0.29,97578000000
004890,동일산업,KOSPI,철강금속,107800,-46200,-30,261438177000
002690,동일제강,KOSPI,철강금속,2290,15,0.66,46487824400
000020,동화약품,KOSPI,의약품,10340,-50,-0.48,288811399800
000150,두산,KOSPI,기타금융,90800,200,0.22,1500364218000
000157,두산2우B,KOSPI,기타금융,86600,1200,1.41,77337090800
241560,두산밥캣,KOSPI,기계,58900,200,0.34,5904675877400
034020,두산에너빌리티,KOSPI,기계,18100,-10,-0.06,11594156742600
000155,두산우,KOSPI,기타금융,53200,500,0.95,212611778400
336260,두산퓨얼셀,KOSPI,전기전자,28900,200,0.7,1892768681400
33626K,두산퓨얼셀1우,KOSPI,전기전자,8720,140,1.63,116535824000
33626L,두산퓨얼셀2우B,KOSPI,전기전자,10560,60,0.57,31535328000
016740,두올,KOSPI,운수장비,4100,5,0.12,135573388000
192650,드림텍,KOSPI,전기전자,9110,30,0.33,614507607130
024090,디씨엠,KOSPI,철강금속,12310,10,0.08,140334000000
003160,디아이,KOSPI,의료정밀,7710,140,1.85,218193000000
092200,디아이씨,KOSPI,운수장비,6150,-30,-0.49,239164699350
377190,디앤디플랫폼리츠,KOSPI,서비스업,3260,-5,-0.15,209944000000
013570,디와이,KOSPI,기타금융,6110,130,2.17,160812957630
210540,디와이파워,KOSPI,기계,15320,330,2.2,169158966560
115390,락앤락,KOSPI,화학,6000,30,0.5,301202664000
032350,롯데관광개발,KOSPI,서비스업,10640,150,1.43,784834691760
089860,롯데렌탈,KOSPI,서비스업,27800,-100,-0.36,1018426951400
330590,롯데리츠,KOSPI,서비스업,3655,0,0,888051271020
000400,롯데손해보험,KOSPI,보험,1799,56,3.21,558295039680
023530,롯데쇼핑,KOSPI,유통업,69800,1200,1.75,1974555099000
020150,롯데에너지머티리얼즈,KOSPI,전기전자,49500,1300,2.7,2282486332500
280360,롯데웰푸드,KOSPI,음식료품,100600,-800,-0.79,949118144400
004000,롯데정밀화학,KOSPI,화학,70400,1000,1.44,1816320000000
286940,롯데정보통신,KOSPI,서비스업,25750,550,2.18,396455523250
004990,롯데지주,KOSPI,기타금융,25650,650,2.6,2690921929050
00499K,롯데지주우,KOSPI,기타금융,37750,100,0.27,30411513250
005300,롯데칠성,KOSPI,음식료품,126600,-200,-0.16,1174706714400
005305,롯데칠성우,KOSPI,음식료품,63500,-100,-0.16,49232185000
011170,롯데케미칼,KOSPI,화학,158400,3800,2.46,6775626369600
071840,롯데하이마트,KOSPI,유통업,9810,-140,-1.41,231591654720
027740,마니커,KOSPI,음식료품,1462,-6,-0.41,92853415336
357430,마스턴프리미어리츠,KOSPI,서비스업,3265,-5,-0.15,86783700000
001080,만호제강,KOSPI,철강금속,40950,-4850,-10.59,169942500000
088980,맥쿼리인프라,KOSPI,기타금융,12520,-180,-1.42,5068666248440
094800,맵스리얼티1,KOSPI,기타금융,4210,25,0.6,390832533510
138040,메리츠금융지주,KOSPI,기타금융,42350,850,2.05,8818026286300
090370,메타랩스,KOSPI,섬유의복,3005,-15,-0.5,74838590445
017180,명문제약,KOSPI,의약품,2490,30,1.22,84544100460
009900,명신산업,KOSPI,운수장비,24450,950,4.04,1282894751850
012690,모나리자,KOSPI,종이목재,2920,15,0.52,106788064600
005360,모나미,KOSPI,유통업,3540,-20,-0.56,66896466780
204210,모두투어리츠,KOSPI,서비스업,3830,-60,-1.54,29976701450
009680,모토닉,KOSPI,운수장비,8940,70,0.79,295020000000
009580,무림P&P,KOSPI,종이목재,3690,15,0.41,230139115560
009200,무림페이퍼,KOSPI,종이목재,2440,30,1.24,101526716400
033920,무학,KOSPI,음식료품,5710,70,1.24,162735000000
008420,문배철강,KOSPI,철강금속,3715,35,0.95,76170521075
025560,미래산업,KOSPI,의료정밀,24500,-900,-3.54,112099162000
007120,미래아이앤지,KOSPI,서비스업,1750,8,0.46,48796272000
396690,미래에셋글로벌리츠,KOSPI,서비스업,3370,0,0,97932200000
357250,미래에셋맵스리츠,KOSPI,서비스업,3350,30,0.9,67335000000
085620,미래에셋생명,KOSPI,보험,3715,-40,-1.07,657615142135
006800,미래에셋증권,KOSPI,증권,7390,160,2.21,4473288255120
00680K,미래에셋증권2우B,KOSPI,증권,3755,35,0.94,525700000000
006805,미래에셋증권우,KOSPI,증권,4050,15,0.37,57006787500
002840,미원상사,KOSPI,화학,168500,-7700,-4.37,817225000000
268280,미원에스씨,KOSPI,화학,149500,-6300,-4.04,762450000000
107590,미원홀딩스,KOSPI,기타금융,100200,0,0,232464000000
134380,미원화학,KOSPI,화학,64800,-200,-0.31,142512566400
003650,미창석유,KOSPI,화학,66800,0,0,116210089600
155900,바다로19호,KOSPI,서비스업,2895,15,0.52,44004011580
377740,바이오노트,KOSPI,의약품,4780,230,5.05,487445509440
003610,방림,KOSPI,섬유의복,3580,-1530,-29.94,151484442200
001340,백광산업,KOSPI,화학,7950,380,5.02,357101335650
035150,백산,KOSPI,화학,8580,350,4.25,197425800000
002410,범양건영,KOSPI,건설업,3215,115,3.71,79834822130
007210,벽산,KOSPI,비금속광물,2300,-20,-0.86,157688000000
002760,보락,KOSPI,화학,1653,-15,-0.9,99014700000
003850,보령,KOSPI,의약품,8220,10,0.12,564631800000
000890,보해양조,KOSPI,음식료품,604,-1,-0.17,84028557916
003000,부광약품,KOSPI,의약품,7180,10,0.14,510232691820
001270,부국증권,KOSPI,증권,21350,50,0.23,221397066100
001275,부국증권우,KOSPI,증권,19060,30,0.16,57180000000
026940,부국철강,KOSPI,철강금속,3625,65,1.83,72500000000
011390,부산산업,KOSPI,비금속광물,77400,-1300,-1.65,81734400000
005030,부산주공,KOSPI,운수장비,486,0,0,38288532168
002070,비비안,KOSPI,섬유의복,1670,183,12.31,49755963300
100220,비상교육,KOSPI,서비스업,5500,90,1.66,71482075500
090460,비에이치,KOSPI,전기전자,27600,600,2.22,951216860400
030790,비케이탑스,KOSPI,서비스업,904,0,0,19208323080
005180,빙그레,KOSPI,음식료품,47150,-400,-0.84,464486013150
003960,사조대림,KOSPI,음식료품,26000,-50,-0.19,238276142000
008040,사조동아원,KOSPI,음식료품,1073,8,0.75,151448155800
007160,사조산업,KOSPI,"농업, 임업 및 어업",40150,-100,-0.25,200750000000
014710,사조씨푸드,KOSPI,음식료품,5000,30,0.6,86092715000
006090,사조오양,KOSPI,음식료품,8370,160,1.95,78868325430
001470,삼부토건,KOSPI,건설업,3460,370,11.97,683949877500
448730,삼성FN리츠,KOSPI,서비스업,5110,10,0.2,395003000000
006400,삼성SDI,KOSPI,전기전자,717000,48000,7.17,49304168010000
006405,삼성SDI우,KOSPI,전기전자,336000,15000,4.67,543613056000
006660,삼성공조,KOSPI,운수장비,11340,10,0.09,92152400760
028260,삼성물산,KOSPI,유통업,105700,0,0,19617039519000
02826K,삼성물산우B,KOSPI,유통업,95300,-900,-0.94,155093602500
207940,삼성바이오로직스,KOSPI,의약품,743000,-1000,-0.13,52882282000000
032830,삼성생명,KOSPI,보험,68000,700,1.04,13600000000000
018260,삼성에스디에스,KOSPI,서비스업,122400,-500,-0.41,9471042720000
028050,삼성엔지니어링,KOSPI,서비스업,29500,1200,4.24,5782000000000
009150,삼성전기,KOSPI,전기전자,145200,700,0.48,10845524659200
009155,삼성전기우,KOSPI,전기전자,68700,500,0.73,199709800800
005930,삼성전자,KOSPI,전기전자,73000,800,1.11,435794126150000
005935,삼성전자우,KOSPI,전기전자,60000,500,0.84,49373202000000
001360,삼성제약,KOSPI,의약품,3140,25,0.8,210888928060
010140,삼성중공업,KOSPI,운수장비,6810,140,2.1,5992800000000
010145,삼성중공우,KOSPI,운수장비,98600,0,0,11323717000
016360,삼성증권,KOSPI,증권,36200,200,0.56,3232660000000
068290,삼성출판사,KOSPI,서비스업,21000,0,0,210000000000
029780,삼성카드,KOSPI,기타금융,29650,0,0,3435216118150
000810,삼성화재,KOSPI,보험,231500,1500,0.65,10967274765500
000815,삼성화재우,KOSPI,보험,171500,100,0.06,547428000000
006110,삼아알미늄,KOSPI,철강금속,100800,6100,6.44,1482961132800
145990,삼양사,KOSPI,음식료품,43200,1000,2.37,445540996800
145995,삼양사우,KOSPI,음식료품,26500,0,0,9806855000
003230,삼양식품,KOSPI,음식료품,116000,9000,8.41,873829740000
002170,삼양통상,KOSPI,기타제조업,50500,-100,-0.2,151500000000
272550,삼양패키징,KOSPI,화학,17320,470,2.79,273459781720
000070,삼양홀딩스,KOSPI,기타금융,73000,400,0.55,625191783000
000075,삼양홀딩스우,KOSPI,기타금융,55000,400,0.73,16723190000
003720,삼영,KOSPI,화학,4435,155,3.62,150790000000
002810,삼영무역,KOSPI,유통업,13270,-20,-0.15,245056399960
005680,삼영전자,KOSPI,전기전자,9730,120,1.25,194600000000
023000,삼원강재,KOSPI,운수장비,3300,15,0.46,132000000000
004380,삼익THK,KOSPI,기계,12940,170,1.33,271740000000
002450,삼익악기,KOSPI,기타제조업,1214,11,0.91,109904530810
004440,삼일씨엔에스,KOSPI,비금속광물,5370,-10,-0.19,68370555390
000520,삼일제약,KOSPI,의약품,8110,140,1.76,121729129270
009770,삼정펄프,KOSPI,종이목재,28000,300,1.08,69999188000
005500,삼진제약,KOSPI,의약품,22050,-50,-0.23,306495000000
004690,삼천리,KOSPI,전기가스업,110800,2400,2.21,449296770000
010960,삼호개발,KOSPI,건설업,3675,15,0.41,91875000000
004450,삼화왕관,KOSPI,기계,35800,250,0.7,77126768200
009470,삼화전기,KOSPI,전기전자,21150,400,1.93,139882293000
011230,삼화전자,KOSPI,전기전자,7230,110,1.54,87502521000
001820,삼화콘덴서,KOSPI,전기전자,43700,1250,2.94,454261500000
000390,삼화페인트,KOSPI,화학,6640,210,3.27,180631034160
001290,상상인증권,KOSPI,증권,772,-33,-4.1,83636256640
041650,상신브레이크,KOSPI,운수장비,3820,0,0,82020939000
075180,새론오토모티브,KOSPI,운수장비,4530,-15,-0.33,86976000000
007540,샘표,KOSPI,기타금융,61700,0,0,177436860000
248170,샘표식품,KOSPI,음식료품,33300,950,2.94,152123923800
007860,서연,KOSPI,기타금융,9180,80,0.88,215544967920
200880,서연이화,KOSPI,운수장비,18890,220,1.18,510567174930
017390,서울가스,KOSPI,전기가스업,69200,2600,3.9,346000000000
004410,서울식품,KOSPI,음식료품,215,0,0,80572445185
004415,서울식품우,KOSPI,음식료품,2320,5,0.22,5160840000
021050,서원,KOSPI,철강금속,1460,33,2.31,69312901400
008490,서흥,KOSPI,화학,27150,500,1.88,314101417950
007610,선도전기,KOSPI,전기전자,3000,0,0,54000000000
136490,선진,KOSPI,음식료품,8600,60,0.7,204504594400
014910,성문전자,KOSPI,전기전자,2155,65,3.11,48403422675
014915,성문전자우,KOSPI,전기전자,8200,30,0.37,4920000000
003080,성보화학,KOSPI,화학,3420,15,0.44,68468400000
004980,성신양회,KOSPI,비금속광물,8860,90,1.03,217212406780
004985,성신양회우,KOSPI,비금속광물,13450,-130,-0.96,9894425250
011300,성안,KOSPI,섬유의복,2260,85,3.91,152213366220
000180,성창기업지주,KOSPI,서비스업,2165,-15,-0.69,151012214000
002420,세기상사,KOSPI,유통업,7540,40,0.53,41913713920
004360,세방,KOSPI,운수창고업,12560,210,1.7,242517146400
004365,세방우,KOSPI,운수창고업,7500,-30,-0.4,27669375000
004490,세방전지,KOSPI,전기전자,48150,-100,-0.21,674100000000
001430,세아베스틸지주,KOSPI,철강금속,25700,-50,-0.19,921656458300
306200,세아제강,KOSPI,철강금속,156900,-2600,-1.63,445015470000
003030,세아제강지주,KOSPI,기타금융,206500,-1000,-0.48,855252170500
019440,세아특수강,KOSPI,철강금속,16270,90,0.56,139433900000
058650,세아홀딩스,KOSPI,철강금속,112700,-800,-0.7,450800000000
013000,세우글로벌,KOSPI,유통업,1515,15,1,43488121965
091090,세원이앤씨,KOSPI,기계,254,0,0,54838924358
021820,세원정공,KOSPI,운수장비,8650,-40,-0.46,86500000000
067830,세이브존I&C,KOSPI,유통업,2730,0,0,112041643350
033530,세종공업,KOSPI,운수장비,9150,-60,-0.65,254561793150
075580,세진중공업,KOSPI,운수장비,6250,-260,-3.99,355309100000
027970,세하,KOSPI,종이목재,1230,1,0.08,70802486310
068270,셀트리온,KOSPI,의약품,151600,-1300,-0.85,22192854679200
336370,솔루스첨단소재,KOSPI,전기전자,37750,700,1.89,1325447611250
33637K,솔루스첨단소재1우,KOSPI,전기전자,8540,0,0,72207570260
33637L,솔루스첨단소재2우B,KOSPI,전기전자,10220,-10,-0.1,19309157000
248070,솔루엠,KOSPI,전기전자,28850,-500,-1.7,1442660146350
004430,송원산업,KOSPI,화학,18850,-1400,-6.91,452400000000
126720,수산인더스트리,KOSPI,건설업,22650,-200,-0.88,323577900000
017550,수산중공업,KOSPI,기계,2905,25,0.87,156826898515
053210,스카이라이프,KOSPI,서비스업,6500,80,1.25,310842779000
026890,스틱인베스트먼트,KOSPI,기타금융,6840,180,2.7,285078717000
134790,시디즈,KOSPI,기타제조업,37300,-100,-0.27,74600000000
016590,신대양제지,KOSPI,종이목재,5240,0,0,211160576800
029530,신도리코,KOSPI,전기전자,35100,-50,-0.14,353809017900
004970,신라교역,KOSPI,"농업, 임업 및 어업",10130,0,0,162080000000
011930,신성이엔지,KOSPI,전기전자,2955,620,26.55,608281286205
005390,신성통상,KOSPI,유통업,2080,-55,-2.58,298913451200
004170,신세계,KOSPI,유통업,179200,1100,0.62,1764256435200
035510,"신세계 I&C",KOSPI,서비스업,13530,300,2.27,232716000000
034300,신세계건설,KOSPI,건설업,17320,-80,-0.46,69280000000
031430,신세계인터내셔날,KOSPI,유통업,17250,220,1.29,615825000000
031440,신세계푸드,KOSPI,서비스업,41200,400,0.98,159546176000
006880,신송홀딩스,KOSPI,유통업,11210,-80,-0.71,132601498180
005800,신영와코루,KOSPI,섬유의복,10480,-80,-0.76,94320000000
001720,신영증권,KOSPI,증권,55500,-200,-0.36,520936153500
001725,신영증권우,KOSPI,증권,55500,0,0,391483846500
009270,신원,KOSPI,섬유의복,1478,-9,-0.61,151622634168
002700,신일전자,KOSPI,유통업,1922,45,2.4,136553335362
002870,신풍,KOSPI,유통업,1025,2,0.2,35832667500
019170,신풍제약,KOSPI,의약품,16140,240,1.51,855177738600
019175,신풍제약우,KOSPI,의약품,28900,-50,-0.17,63580000000
404990,신한서부티엔디리츠,KOSPI,서비스업,3440,-10,-0.29,192488240960
293940,신한알파리츠,KOSPI,서비스업,6250,40,0.64,550625768750
055550,신한지주,KOSPI,기타금융,34500,500,1.47,17882975571000
004080,신흥,KOSPI,유통업,14200,-10,-0.07,134900000000
102280,쌍방울,KOSPI,섬유의복,274,7,2.62,71950243346
003410,쌍용C&E,KOSPI,비금속광물,5300,10,0.19,2670455853500
004770,써니전자,KOSPI,전기전자,2385,50,2.14,83105351235
015540,쎌마테라퓨틱스,KOSPI,서비스업,6410,0,0,400989543110
403550,쏘카,KOSPI,서비스업,15760,10,0.06,516743245520
004920,씨아이테크,KOSPI,기타제조업,2370,30,1.28,117066460470
112610,씨에스윈드,KOSPI,기계,84200,-2100,-2.43,3550832132600
308170,씨티알모빌리티,KOSPI,운수장비,15970,390,2.5,137501700000
008700,아남전자,KOSPI,전기전자,2055,50,2.49,158491505100
002790,아모레G,KOSPI,화학,26350,0,0,2172773043000
00279K,아모레G3우(전환),KOSPI,화학,19850,-80,-0.4,140780170000
002795,아모레G우,KOSPI,화학,10400,-60,-0.57,67015208000
090430,아모레퍼시픽,KOSPI,화학,97400,-200,-0.2,5697194726600
090435,아모레퍼시픽우,KOSPI,화학,31100,-400,-1.27,328348513000
002030,아세아,KOSPI,서비스업,140300,3100,2.26,303684120200
183190,아세아시멘트,KOSPI,비금속광물,9250,170,1.87,360362332500
002310,아세아제지,KOSPI,종이목재,34500,200,0.58,308999319000
012170,아센디오,KOSPI,서비스업,879,9,1.03,74982298626
267850,아시아나IDT,KOSPI,서비스업,13140,20,0.15,145854000000
020560,아시아나항공,KOSPI,운수창고업,12340,80,0.65,918241167760
122900,아이마켓코리아,KOSPI,유통업,9890,0,0,330611227600
010780,아이에스동서,KOSPI,비금속광물,33650,250,0.75,1039536191900
139990,아주스틸,KOSPI,철강금속,9870,190,1.96,261083105430
001780,알루코,KOSPI,철강금속,4780,370,8.39,430053884960
018250,애경산업,KOSPI,화학,24850,700,2.9,656286884750
161000,애경케미칼,KOSPI,화학,21600,250,1.17,1050812114400
011090,에넥스,KOSPI,기타제조업,680,1,0.15,40794315880
137310,에스디바이오센서,KOSPI,의료정밀,13090,860,7.03,1367281300770
005850,에스엘,KOSPI,운수장비,36700,0,0,1704660684000
010580,에스엠벡셀,KOSPI,운수장비,2615,60,2.35,290923352400
012750,에스원,KOSPI,서비스업,54200,900,1.69,2059555447600
023960,에쓰씨엔지니어링,KOSPI,건설업,1990,70,3.65,62186216450
298690,에어부산,KOSPI,운수창고업,3380,-5,-0.15,394243200000
140910,에이리츠,KOSPI,서비스업,3955,-5,-0.13,17651291560
078520,에이블씨엔씨,KOSPI,화학,7300,-150,-2.01,189903375300
015260,에이엔피,KOSPI,전기전자,1729,-7,-0.4,77315079205
007460,에이프로젠,KOSPI,기계,1271,-9,-0.7,322413114705
003060,에이프로젠바이오로직스,KOSPI,의약품,385,0,0,256315555265
244920,에이플러스에셋,KOSPI,기타금융,4620,10,0.22,104447541660
036570,엔씨소프트,KOSPI,서비스업,297500,2500,0.85,6531321545000
380440,엔에이치스팩19호,KOSPI,기타금융,9990,-20,-0.2,102477420000
085310,엔케이,KOSPI,기계,1011,4,0.4,80863168872
900140,엘브이엠씨홀딩스,KOSPI,유통업,2500,160,6.84,428971027500
097520,엠씨넥스,KOSPI,전기전자,29800,-250,-0.83,535736413600
014440,영보화학,KOSPI,화학,3885,-35,-0.89,77700000000
111770,영원무역,KOSPI,유통업,63700,-800,-1.24,2822640511600
009970,영원무역홀딩스,KOSPI,기타금융,78500,1200,1.55,1070393972000
003520,영진약품,KOSPI,의약품,2445,-20,-0.81,447172727295
000670,영풍,KOSPI,철강금속,572000,0,0,1053646880000
006740,영풍제지,KOSPI,종이목재,23800,0,0,1106275122400
012280,영화금속,KOSPI,운수장비,1031,1,0.1,55049734655
012160,영흥,KOSPI,철강금속,777,2,0.26,78718159044
015360,예스코홀딩스,KOSPI,서비스업,31800,-100,-0.31,190800000000
007310,오뚜기,KOSPI,음식료품,399000,6500,1.66,1599124170000
002630,오리엔트바이오,KOSPI,의약품,715,0,0,84786848575
271560,오리온,KOSPI,음식료품,122200,2200,1.83,4831315330400
001800,오리온홀딩스,KOSPI,기타금융,14780,100,0.68,925899337160
011690,와이투솔루션,KOSPI,전기전자,1350,23,1.73,246829790700
070960,용평리조트,KOSPI,서비스업,3080,10,0.33,148250665640
316140,우리금융지주,KOSPI,기타금융,11930,140,1.19,8685762349570
010050,우리종금,KOSPI,기타금융,736,4,0.55,643413706816
006980,우성,KOSPI,음식료품,22950,-100,-0.43,70915500000
017370,우신시스템,KOSPI,기계,3510,10,0.29,64282329540
105840,우진,KOSPI,의료정밀,9280,-50,-0.54,188603137920
010400,우진아이엔에스,KOSPI,건설업,6110,150,2.52,46570420000
049800,우진플라임,KOSPI,기계,3390,-15,-0.44,67800000000
016880,웅진,KOSPI,서비스업,1379,-11,-0.79,110219443320
095720,웅진씽크빅,KOSPI,서비스업,2670,-30,-1.11,308400979950
005820,원림,KOSPI,섬유의복,23250,-250,-1.06,53427802500
010600,웰바이오텍,KOSPI,유통업,1858,-39,-2.06,143125372390
008600,윌비스,KOSPI,유통업,590,7,1.2,39669263010
033270,유나이티드제약,KOSPI,의약품,24050,150,0.63,390687969100
014830,유니드,KOSPI,화학,67200,-100,-0.15,454782720000
446070,유니드비티플러스,KOSPI,종이목재,8110,280,3.58,86056953650
000910,유니온,KOSPI,비금속광물,6370,100,1.59,99446013030
047400,유니온머티리얼,KOSPI,비금속광물,3905,90,2.36,164010000000
011330,유니켐,KOSPI,기타제조업,1333,-27,-1.99,114273163232
077500,유니퀘스트,KOSPI,유통업,12250,120,0.99,335110693750
002920,유성기업,KOSPI,운수장비,3060,30,0.99,79399350000
000700,유수홀딩스,KOSPI,서비스업,6110,-30,-0.49,159115471320
003470,유안타증권,KOSPI,증권,2700,20,0.75,538910755200
003475,유안타증권우,KOSPI,증권,2710,30,1.12,34992094520
072130,유엔젤,KOSPI,서비스업,4000,45,1.14,52781816000
000220,유유제약,KOSPI,의약품,5080,40,0.79,87540343080
000225,유유제약1우,KOSPI,의약품,5620,-210,-3.6,12740146600
000227,유유제약2우B,KOSPI,의약품,12730,40,0.32,4144378800
001200,유진투자증권,KOSPI,증권,3870,-80,-2.03,374873037660
000100,유한양행,KOSPI,의약품,60300,-100,-0.17,4621311017100
000105,유한양행우,KOSPI,의약품,55000,100,0.18,64951700000
003460,유화증권,KOSPI,증권,2450,20,0.82,138920916750
003465,유화증권우,KOSPI,증권,2520,25,1,44040591000
008730,율촌화학,KOSPI,화학,30700,600,1.99,761360000000
008250,이건산업,KOSPI,종이목재,7930,30,0.38,86854395550
025820,이구산업,KOSPI,철강금속,4740,55,1.17,158515080000
214320,이노션,KOSPI,서비스업,39450,100,0.25,789000000000
088260,이리츠코크렙,KOSPI,서비스업,5170,20,0.39,327476020300
139480,이마트,KOSPI,유통업,77900,1000,1.3,2171526300100
457190,이수스페셜티케미컬,KOSPI,화학,333000,8000,2.46,1834413417000
007660,이수페타시스,KOSPI,전기전자,31400,3200,11.35,1985937556600
005950,이수화학,KOSPI,화학,27250,1000,3.81,611784163750
015020,이스타코,KOSPI,서비스업,896,-6,-0.67,38395033600
093230,이아이디,KOSPI,유통업,1392,0,0,339310256256
074610,이엔플러스,KOSPI,기계,9350,300,3.31,611054561150
102460,이연제약,KOSPI,의약품,16820,170,1.02,302736065140
084680,이월드,KOSPI,기타제조업,1513,8,0.53,214552770009
350520,이지스레지던스리츠,KOSPI,서비스업,3820,5,0.13,108329916940
334890,이지스밸류리츠,KOSPI,서비스업,4670,25,0.54,171600714450
000760,이화산업,KOSPI,유통업,20600,0,0,57680000000
014990,인디에프,KOSPI,섬유의복,1170,45,4,82734204150
101140,인바이오젠,KOSPI,유통업,467,0,0,65792982110
006490,인스코비,KOSPI,통신업,1496,-31,-2.03,170667832896
023800,인지컨트롤스,KOSPI,운수장비,9950,610,6.53,157301510150
034590,인천도시가스,KOSPI,전기가스업,25750,50,0.19,112649915500
129260,인터지스,KOSPI,운수창고업,2620,30,1.16,77939429880
023810,인팩,KOSPI,운수장비,11250,1380,13.98,112500000000
249420,일동제약,KOSPI,의약품,15740,-40,-0.25,421883705900
000230,일동홀딩스,KOSPI,의약품,8920,160,1.83,102940368000
013360,일성건설,KOSPI,건설업,2220,10,0.45,119935233600
003120,일성신약,KOSPI,의약품,26000,-300,-1.14,345800000000
003200,일신방직,KOSPI,섬유의복,10470,0,0,243741600000
007110,일신석재,KOSPI,유통업,1278,15,1.19,98989547580
007570,일양약품,KOSPI,의약품,17250,110,0.64,329227704000
007575,일양약품우,KOSPI,의약품,17870,100,0.56,7953579600
008500,일정실업,KOSPI,섬유의복,12900,0,0,15480000000
081000,일진다이아,KOSPI,화학,19940,-1110,-5.27,283207321500
020760,일진디스플,KOSPI,전기전자,1433,47,3.39,73819190853
103590,일진전기,KOSPI,전기전자,10620,850,8.7,393793741800
271940,일진하이솔루스,KOSPI,운수장비,32400,-650,-1.97,1176547356000
015860,일진홀딩스,KOSPI,기타금융,4770,50,1.06,235387493910
226320,잇츠한불,KOSPI,화학,15100,-20,-0.13,331132656500
317400,자이에스앤디,KOSPI,서비스업,6420,60,0.94,248983778400
033240,자화전자,KOSPI,전기전자,34000,800,2.41,740427520000
000950,전방,KOSPI,섬유의복,28200,500,1.81,47376000000
348950,제이알글로벌리츠,KOSPI,서비스업,4220,-65,-1.52,832926720000
194370,제이에스코퍼레이션,KOSPI,기타제조업,14660,0,0,195499910660
025620,제이준코스메틱,KOSPI,화학,6950,50,0.72,31169679700
030000,제일기획,KOSPI,서비스업,18480,350,1.93,2125961838000
271980,제일약품,KOSPI,의약품,18720,-90,-0.48,275275203840
001560,제일연마,KOSPI,비금속광물,8110,-290,-3.45,81100000000
002620,제일파마홀딩스,KOSPI,서비스업,12670,100,0.8,202382407850
006220,제주은행,KOSPI,은행,13510,-240,-1.75,434059736740
089590,제주항공,KOSPI,운수창고업,15060,200,1.35,1159525287660
004910,조광페인트,KOSPI,화학,6920,150,2.22,88576000000
004700,조광피혁,KOSPI,기타제조업,49050,500,1.03,326140218900
001550,조비,KOSPI,화학,15890,-130,-0.81,82504677710
000480,조선내화,KOSPI,비금속광물,21200,0,0,848000000000
120030,조선선재,KOSPI,기계,106700,-300,-0.28,134191361700
018470,조일알미늄,KOSPI,철강금속,2925,105,3.72,370397783925
002600,조흥,KOSPI,음식료품,203000,1000,0.5,121800000000
185750,종근당,KOSPI,의약품,81700,-400,-0.49,1026843508800
063160,종근당바이오,KOSPI,의약품,24600,250,1.03,134954665200
001630,종근당홀딩스,KOSPI,의약품,47650,350,0.74,238719876650
044380,주연테크,KOSPI,전기전자,725,18,2.55,42919451900
013890,지누스,KOSPI,기타제조업,27500,100,0.36,519768590000
013870,지엠비코리아,KOSPI,운수장비,5010,-50,-0.99,95552122800
071320,지역난방공사,KOSPI,전기가스업,27050,750,2.85,313205025200
035000,지투알,KOSPI,서비스업,6300,10,0.16,104374676700
088790,진도,KOSPI,유통업,2650,65,2.51,32986521600
003780,진양산업,KOSPI,화학,6410,0,0,83330000000
010640,진양폴리,KOSPI,화학,5250,-20,-0.38,52500000000
100250,진양홀딩스,KOSPI,화학,3295,-15,-0.45,184174987140
051630,진양화학,KOSPI,화학,3520,20,0.57,55616000000
272450,진에어,KOSPI,운수창고업,16640,-90,-0.54,868608000000
011000,진원생명과학,KOSPI,의약품,3875,-25,-0.64,301287446125
002780,진흥기업,KOSPI,건설업,1352,20,1.5,196677799240
002787,진흥기업2우B,KOSPI,건설업,12820,0,0,3779438560
002785,진흥기업우B,KOSPI,건설업,5310,0,0,4551827580
009310,참엔지니어링,KOSPI,기계,701,0,0,41266060719
000650,천일고속,KOSPI,운수창고업,52300,-300,-0.57,74748206000
012600,청호ICT,KOSPI,기계,2490,0,0,61394667570
033250,체시스,KOSPI,운수장비,1027,28,2.8,32864000000
035720,카카오,KOSPI,서비스업,51000,1900,3.87,22649314506000
323410,카카오뱅크,KOSPI,은행,24500,750,3.16,11680794856500
377300,카카오페이,KOSPI,기타금융,48550,1550,3.3,6507401968800
006380,카프로,KOSPI,화학,790,87,12.38,31600000000
109070,컨버즈,KOSPI,전기전자,4100,0,0,150921943000
001620,케이비아이동국실업,KOSPI,운수장비,657,11,1.7,73119521367
029460,케이씨,KOSPI,의료정밀,19550,200,1.03,264981560200
281820,케이씨텍,KOSPI,의료정밀,22200,950,4.47,463126543200
381970,케이카,KOSPI,유통업,14480,-530,-3.53,696292997840
145270,케이탑리츠,KOSPI,서비스업,1022,-5,-0.49,49118111028
417310,코람코더원리츠,KOSPI,서비스업,4785,15,0.31,193314000000
357120,코람코에너지리츠,KOSPI,서비스업,5620,50,0.9,497563743880
007815,코리아써우,KOSPI,전기전자,6380,10,0.16,18914722200
007810,코리아써키트,KOSPI,전기전자,17650,80,0.46,416906255150
00781K,코리아써키트2우B,KOSPI,전기전자,8210,-350,-4.09,6434168790
003690,코리안리,KOSPI,보험,7050,40,0.57,992801719950
192820,코스맥스,KOSPI,화학,91300,-1700,-1.83,1036210171700
044820,코스맥스비티아이,KOSPI,기타금융,9220,80,0.88,88548151620
005070,코스모신소재,KOSPI,화학,192800,6000,3.21,5909465756800
005420,코스모화학,KOSPI,화학,48750,1900,4.06,1706651115000
071950,코아스,KOSPI,기타제조업,800,46,6.1,24725768000
002020,코오롱,KOSPI,기타금융,19880,90,0.45,251013348880
003070,코오롱글로벌,KOSPI,건설업,14180,470,3.43,268465870340
003075,코오롱글로벌우,KOSPI,건설업,21300,200,0.95,15777698100
450140,코오롱모빌리티그룹,KOSPI,유통업,4150,40,0.97,260525587500
45014K,코오롱모빌리티그룹우,KOSPI,유통업,8900,-60,-0.67,21859468000
002025,코오롱우,KOSPI,기타금융,14770,-120,-0.81,15898280300
120110,코오롱인더,KOSPI,화학,52300,2350,4.7,1439248459300
120115,코오롱인더우,KOSPI,화학,26600,1150,4.52,73625076000
138490,코오롱플라스틱,KOSPI,화학,9620,40,0.42,365560000000
021240,코웨이,KOSPI,서비스업,45100,1150,2.62,3328362816900
036420,콘텐트리중앙,KOSPI,서비스업,17300,180,1.05,333237928400
031820,콤텍시스템,KOSPI,서비스업,856,6,0.71,103620054896
192400,쿠쿠홀딩스,KOSPI,기타금융,16850,420,2.56,599222817250
284740,쿠쿠홈시스,KOSPI,서비스업,23950,450,1.91,537374053500
015590,큐로,KOSPI,기계,1104,-16,-1.43,258415036464
264900,크라운제과,KOSPI,음식료품,9110,180,2.02,114092273500
26490K,크라운제과우,KOSPI,음식료품,10930,10,0.09,8455010800
005740,크라운해태홀딩스,KOSPI,기타금융,6200,0,0,92053551400
005745,크라운해태홀딩스우,KOSPI,기타금융,10390,50,0.48,6241543140
259960,크래프톤,KOSPI,서비스업,194500,-300,-0.15,9406553513500
020120,키다리스튜디오,KOSPI,서비스업,7290,190,2.68,269516884140
039490,키움증권,KOSPI,증권,89700,1300,1.47,2352535528200
014580,태경비케이,KOSPI,비금속광물,8470,120,1.44,233628857000
015890,태경산업,KOSPI,화학,7750,390,5.3,226522812500
006890,태경케미컬,KOSPI,화학,14910,-80,-0.53,172956000000
003240,태광산업,KOSPI,화학,637000,4000,0.63,709235800000
011280,태림포장,KOSPI,종이목재,2665,10,0.38,188697830100
004100,태양금속,KOSPI,운수장비,1800,15,0.84,66060000000
004105,태양금속우,KOSPI,운수장비,3060,-115,-3.62,10098000000
009410,태영건설,KOSPI,건설업,4075,45,1.12,158513824350
009415,태영건설우,KOSPI,건설업,6460,-40,-0.62,8411837320
001420,태원물산,KOSPI,운수장비,4955,115,2.38,37658000000
007980,태평양물산,KOSPI,섬유의복,1789,-48,-2.61,87009931019
055490,테이팩스,KOSPI,화학,52300,100,0.19,248511295000
078000,텔코웨어,KOSPI,서비스업,9100,10,0.11,88294624600
214420,토니모리,KOSPI,화학,6050,180,3.07,145531533950
019180,티에이치엔,KOSPI,전기전자,3725,-5,-0.13,67050000000
363280,티와이홀딩스,KOSPI,기타금융,8290,110,1.34,418058631720
36328K,티와이홀딩스우,KOSPI,기타금융,9970,-10,-0.1,12392849580
091810,티웨이항공,KOSPI,운수창고업,3300,45,1.38,662546118300
004870,티웨이홀딩스,KOSPI,비금속광물,628,0,0,69655914308
005690,파미셀,KOSPI,의약품,7510,60,0.81,450727399640
036580,팜스코,KOSPI,음식료품,4190,-40,-0.95,153890081170
004720,팜젠사이언스,KOSPI,의약품,5940,90,1.54,94129920720
028670,팬오션,KOSPI,운수창고업,5090,-90,-1.74,2720958816080
010820,퍼스텍,KOSPI,기계,4240,55,1.31,206793017120
016800,퍼시스,KOSPI,기타제조업,30200,350,1.17,347300000000
001020,페이퍼코리아,KOSPI,종이목재,1128,14,1.26,53655361680
090080,평화산업,KOSPI,운수장비,1603,39,2.49,88008321177
010770,평화홀딩스,KOSPI,운수장비,3880,100,2.65,56746808080
058430,포스코스틸리온,KOSPI,철강금속,53800,1900,3.66,322800000000
047050,포스코인터내셔널,KOSPI,유통업,40400,550,1.38,7107280635200
003670,포스코퓨처엠,KOSPI,전기전자,369000,16000,4.53,28583928180000
017810,풀무원,KOSPI,음식료품,10680,260,2.5,407127388560
103140,풍산,KOSPI,철강금속,43450,50,0.12,1217654879100
005810,풍산홀딩스,KOSPI,기타금융,36500,200,0.55,364946272000
950210,프레스티지바이오파마,KOSPI,서비스업,9380,-70,-0.74,563701933900
009810,플레이그램,KOSPI,유통업,793,10,1.28,100512898291
086790,하나금융지주,KOSPI,기타금융,40200,1000,2.55,11895319735200
293480,하나제약,KOSPI,의약품,14060,-10,-0.07,249887620760
039130,하나투어,KOSPI,서비스업,50900,-100,-0.2,816394516500
352820,하이브,KOSPI,서비스업,279500,-2000,-0.71,11640915624000
071090,하이스틸,KOSPI,철강금속,4450,0,0,89852045950
019490,하이트론,KOSPI,전기전자,2470,0,0,23739723280
000080,하이트진로,KOSPI,음식료품,22050,450,2.08,1546446122550
000087,하이트진로2우B,KOSPI,음식료품,16270,-50,-0.31,18387345260
000140,하이트진로홀딩스,KOSPI,기타금융,9330,20,0.21,216519117450
000145,하이트진로홀딩스우,KOSPI,기타금융,12540,-10,-0.08,5903957400
152550,한국ANKOR유전,KOSPI,기타금융,629,-26,-3.97,44042580000
036460,한국가스공사,KOSPI,전기가스업,25700,0,0,2372444100000
005430,한국공항,KOSPI,운수창고업,38600,150,0.39,122221303000
071050,한국금융지주,KOSPI,기타금융,52300,700,1.36,2914469381600
071055,한국금융지주우,KOSPI,기타금융,40350,200,0.5,236380427850
010040,한국내화,KOSPI,비금속광물,3730,125,3.47,153180141260
025540,한국단자,KOSPI,전기전자,61000,300,0.49,635315000000
010100,한국무브넥스,KOSPI,운수장비,3745,15,0.4,114036822900
004090,한국석유,KOSPI,비금속광물,10360,-10,-0.1,131511083200
002200,한국수출포장,KOSPI,종이목재,2850,45,1.6,114000000000
002960,한국쉘석유,KOSPI,화학,225500,0,0,293150000000
000240,한국앤컴퍼니,KOSPI,기타금융,12180,280,2.35,1156311223200
123890,한국자산신탁,KOSPI,기타금융,3190,15,0.47,395489028880
015760,한국전력,KOSPI,전기가스업,20650,50,0.24,13256558190050
006200,한국전자홀딩스,KOSPI,기타금융,1311,18,1.39,61358911296
023350,한국종합기술,KOSPI,서비스업,6810,90,1.34,74569500000
025890,한국주강,KOSPI,기계,3295,-60,-1.79,37264008405
000970,한국주철관,KOSPI,철강금속,7530,-60,-0.79,171687765000
104700,한국철강,KOSPI,철강금속,6600,40,0.61,280170000000
017960,한국카본,KOSPI,기계,11660,10,0.09,512582426620
161890,한국콜마,KOSPI,화학,42700,-1300,-2.95,977026386000
024720,한국콜마홀딩스,KOSPI,기타금융,13840,-150,-1.07,257101790960
161390,한국타이어앤테크놀로지,KOSPI,화학,35500,1100,3.2,4397564949500
034830,한국토지신탁,KOSPI,기타금융,1386,6,0.43,349950072780
007280,한국특강,KOSPI,철강금속,2015,15,0.75,122088039970
168490,한국패러랠,KOSPI,기타금융,2190,-10,-0.45,175243800000
047810,한국항공우주,KOSPI,운수장비,53300,0,0,5195423203100
123690,한국화장품,KOSPI,유통업,6480,0,0,104120640000
003350,한국화장품제조,KOSPI,화학,25300,650,2.64,114659600000
011500,한농화성,KOSPI,화학,20150,1990,10.96,315086396300
002390,한독,KOSPI,의약품,14400,130,0.91,198194875200
053690,한미글로벌,KOSPI,서비스업,31000,600,1.97,339684050000
042700,한미반도체,KOSPI,기계,31200,1050,3.48,3036986222400
008930,한미사이언스,KOSPI,기타금융,33300,150,0.45,2329566102000
128940,한미약품,KOSPI,의약품,310000,1500,0.49,3894268980000
009240,한샘,KOSPI,유통업,44000,750,1.73,1035492832000
020000,한섬,KOSPI,섬유의복,23250,0,0,572647500000
003680,한성기업,KOSPI,음식료품,5960,270,4.75,37008709400
105630,한세실업,KOSPI,섬유의복,20850,-600,-2.8,834000000000
069640,한세엠케이,KOSPI,유통업,2750,20,0.73,82792880500
016450,한세예스24홀딩스,KOSPI,섬유의복,5020,-30,-0.59,200800000000
010420,한솔PNS,KOSPI,유통업,1653,44,2.73,33874948836
009180,한솔로지스틱스,KOSPI,운수창고업,2750,15,0.55,75562918750
213500,한솔제지,KOSPI,종이목재,11200,20,0.18,266566451200
014680,한솔케미칼,KOSPI,화학,241000,1000,0.42,2731781995000
004710,한솔테크닉스,KOSPI,전기전자,8210,120,1.48,263622098380
004150,한솔홀딩스,KOSPI,기타금융,3100,50,1.64,130226588700
025750,한솔홈데코,KOSPI,종이목재,1086,6,0.56,87493751814
004960,한신공영,KOSPI,건설업,8630,190,2.25,99855158260
011700,한신기계,KOSPI,기계,5530,-20,-0.36,179427215030
001750,한양증권,KOSPI,증권,9090,30,0.33,115702374060
001755,한양증권우,KOSPI,증권,12500,-230,-1.81,6562500000
018880,한온시스템,KOSPI,기계,9270,120,1.31,4948326000000
009420,한올바이오파마,KOSPI,의약품,20850,100,0.48,1089217302300
014130,한익스프레스,KOSPI,운수창고업,5920,50,0.85,71040000000
300720,한일시멘트,KOSPI,비금속광물,12470,120,0.97,863691403800
002220,한일철강,KOSPI,철강금속,3470,95,2.81,92640186200
006390,한일현대시멘트,KOSPI,비금속광물,17530,50,0.29,338814090160
003300,한일홀딩스,KOSPI,비금속광물,12300,150,1.23,379244473200
051600,한전KPS,KOSPI,건설업,33000,-350,-1.05,1485000000000
052690,한전기술,KOSPI,서비스업,69900,400,0.58,2671578000000
130660,한전산업,KOSPI,서비스업,7460,-40,-0.53,243196000000
002320,한진,KOSPI,운수창고업,19940,20,0.1,298055702320
003480,한진중공업홀딩스,KOSPI,전기가스업,3675,20,0.55,108522059100
180640,한진칼,KOSPI,운수창고업,47750,900,1.92,3187898822250
18064K,한진칼우,KOSPI,운수창고업,26650,0,0,14304813900
005110,한창,KOSPI,유통업,699,17,2.49,55497571932
009460,한창제지,KOSPI,종이목재,1354,-1,-0.07,80789776044
372910,한컴라이프케어,KOSPI,의료정밀,5950,40,0.68,164662715700
000880,한화,KOSPI,화학,30100,150,0.5,2256257923500
00088K,한화3우B,KOSPI,화학,14820,-60,-0.4,333035040000
452260,한화갤러리아,KOSPI,유통업,1517,0,0,294085028370
45226K,한화갤러리아우,KOSPI,유통업,6050,-50,-0.82,17572043500
451800,한화리츠,KOSPI,서비스업,5260,-20,-0.38,371356000000
088350,한화생명,KOSPI,보험,2590,10,0.39,2249492700000
000370,한화손해보험,KOSPI,보험,4040,-5,-0.12,471625216600
009830,한화솔루션,KOSPI,화학,42950,650,1.54,7382784421200
009835,한화솔루션우,KOSPI,화학,31750,450,1.44,81767330750
272210,한화시스템,KOSPI,전기전자,14580,-20,-0.14,2754444691620
012450,한화에어로스페이스,KOSPI,운수장비,130100,2700,2.12,6586963000000
042660,한화오션,KOSPI,운수장비,37900,200,0.53,8219501822100
000885,한화우,KOSPI,화학,33550,-200,-0.59,16080313700
003530,한화투자증권,KOSPI,증권,2680,25,0.94,574988037000
003535,한화투자증권우,KOSPI,증권,4900,25,0.51,23520000000
195870,해성디에스,KOSPI,전기전자,61900,1300,2.15,1052300000000
101530,해태제과식품,KOSPI,음식료품,6020,20,0.33,175283268440
143210,핸즈코퍼레이션,KOSPI,운수장비,3325,25,0.76,72695366100
000720,현대건설,KOSPI,건설업,38750,650,1.71,4315035893750
000725,현대건설우,KOSPI,건설업,65000,1000,1.56,68555045000
453340,현대그린푸드,KOSPI,유통업,12800,40,0.31,433675699200
086280,현대글로비스,KOSPI,운수창고업,198600,900,0.46,7447500000000
064350,현대로템,KOSPI,운수장비,36250,-300,-0.82,3956408121250
079430,현대리바트,KOSPI,기타제조업,8720,70,0.81,179067659040
012330,현대모비스,KOSPI,운수장비,232000,-500,-0.22,21874141808000
010620,현대미포조선,KOSPI,운수장비,83600,-400,-0.48,3339163656400
069960,현대백화점,KOSPI,유통업,49850,550,1.12,1166611683850
004560,현대비앤지스틸,KOSPI,철강금속,15700,310,2.01,236737332700
004565,현대비앤지스틸우,KOSPI,철강금속,19900,0,0,2186054800
004310,현대약품,KOSPI,의약품,4050,-70,-1.7,129600000000
017800,현대엘리베이,KOSPI,기계,40000,-250,-0.62,1563695400000
307950,현대오토에버,KOSPI,서비스업,141700,1500,1.07,3885978249400
011210,현대위아,KOSPI,운수장비,67100,100,0.15,1824790069300
004020,현대제철,KOSPI,철강금속,34250,500,1.48,4570518136250
005440,현대지에프홀딩스,KOSPI,기타금융,3670,30,0.82,234232494560
005380,현대차,KOSPI,운수장비,208500,2000,0.97,44104319001000
005387,현대차2우B,KOSPI,운수장비,110100,400,0.36,3976877729700
005389,현대차3우B,KOSPI,운수장비,107800,100,0.09,259199494400
005385,현대차우,KOSPI,운수장비,109000,200,0.18,2628329971000
001500,현대차증권,KOSPI,증권,8810,70,0.8,279387671220
011760,현대코퍼레이션,KOSPI,유통업,22600,300,1.35,298974631600
227840,현대코퍼레이션홀딩스,KOSPI,유통업,12300,30,0.24,111940282800
126560,현대퓨처넷,KOSPI,통신업,2900,-5,-0.17,319588540500
001450,현대해상,KOSPI,보험,31300,250,0.81,2798220000000
057050,현대홈쇼핑,KOSPI,유통업,46050,250,0.55,552600000000
093240,형지엘리트,KOSPI,섬유의복,1503,-2,-0.13,46825661394
003010,혜인,KOSPI,유통업,6310,10,0.16,80217433570
111110,호전실업,KOSPI,섬유의복,8890,160,1.83,86677357760
008770,호텔신라,KOSPI,유통업,74800,1400,1.91,2935759450800
008775,호텔신라우,KOSPI,유통업,53000,800,1.53,39849587000
002460,화성산업,KOSPI,건설업,10200,210,2.1,103530000000
378850,화승알앤에이,KOSPI,운수장비,4650,15,0.32,88320346950
241590,화승엔터프라이즈,KOSPI,기타제조업,8940,-320,-3.46,541668127440
006060,화승인더,KOSPI,화학,3850,-35,-0.9,212982000000
013520,화승코퍼레이션,KOSPI,운수장비,2120,0,0,106108654240
010690,화신,KOSPI,운수장비,18000,-110,-0.61,628567380000
133820,화인베스틸,KOSPI,철강금속,2450,-40,-1.61,73299389100
010660,화천기계,KOSPI,기계,4125,60,1.48,90750000000
000850,화천기공,KOSPI,기계,39850,50,0.13,87670000000
016580,환인제약,KOSPI,의약품,14780,90,0.61,274909034600
032560,황금에스티,KOSPI,철강금속,8650,190,2.25,147050000000
004800,효성,KOSPI,기타금융,63600,400,0.63,1340117190000
094280,효성ITX,KOSPI,서비스업,12920,-60,-0.46,149331944000
298040,효성중공업,KOSPI,전기전자,116200,1300,1.13,1083512477600
298050,효성첨단소재,KOSPI,화학,464000,3500,0.76,2078695872000
298020,효성티앤씨,KOSPI,화학,380000,-1000,-0.26,1644519160000
298000,효성화학,KOSPI,화학,91800,-2000,-2.13,292853566800
093370,후성,KOSPI,화학,13000,300,2.36,1226577352000
081660,휠라홀딩스,KOSPI,유통업,39700,-300,-0.75,2411863213400
005870,휴니드,KOSPI,전기전자,6150,20,0.33,86813492250
079980,휴비스,KOSPI,화학,4670,-40,-0.85,161115000000
005010,휴스틸,KOSPI,철강금속,6300,150,2.44,353984872500
000540,흥국화재,KOSPI,보험,3155,0,0,202685544975
000547,흥국화재2우B,KOSPI,보험,8050,0,0,1236480000
000545,흥국화재우,KOSPI,보험,5590,20,0.36,4293120000
003280,흥아해운,KOSPI,운수창고업,2170,70,3.33,521722030830
